USE myDB;

INSERT INTO rap_phim (ma_rap,ten, dia_chi, sdt) VALUES
('R001','BK Cinema Dĩ An', 'Dĩ An, Bình Dương', '0987676767'),
('R002','BK Cinema Buôn Ma Thuột', 'Buôn Ma Thuột, Đắk Lắk', '0947474747'),
('R003','BK Cinema Quy Nhơn', 'Quy Nhơn, Bình Định', '0977777777'),
('R004','BK Cinema Hồ Chí Minh', 'Tân Bình , Thành phố Hồ Chí Minh', '0936363636'),
('R005','BK Cinema Hồ Tây', 'Tây Hồ, Hà Nội', '0923322332');

INSERT INTO phong_chieu_phim (ma_rap, ma_phong) VALUES
('R001', 'P001'), ('R001', 'P002'), ('R001', 'P003'), ('R001', 'P004'), ('R001', 'P005'), ('R001', 'P006'),
('R002', 'P001'), ('R002', 'P002'), ('R002', 'P003'), ('R002', 'P004'), ('R002', 'P005'), ('R002', 'P006'),
('R003', 'P001'), ('R003', 'P002'), ('R003', 'P003'), ('R003', 'P004'), ('R003', 'P005'),
('R004', 'P001'), ('R004', 'P002'), ('R004', 'P003'), ('R004', 'P004'), ('R004', 'P005'), ('R004', 'P006'), ('R004', 'P007'),
('R005', 'P001'), ('R005', 'P002'), ('R005', 'P003'), ('R005', 'P004'), ('R005', 'P005'), ('R005', 'P006'), ('R005', 'P007');


INSERT INTO ghe (ma_rap, ma_phong, ma_ghe, loai_ghe) VALUES
('R001','P001','A1','Doi'),('R001','P001','A2','Don'),('R001','P001','A3','Vip'),('R001','P001','A4','Doi'),('R001','P001','A5','Doi'),('R001','P001','A6','Don'),('R001','P001','A7','Doi'),('R001','P001','A8','Vip'),('R001','P001','A9','Vip'),('R001','P001','A10','Don'),('R001','P001','A11','Don'),('R001','P001','A12','Vip'),('R001','P001','A13','Vip'),('R001','P001','A14','Doi'),('R001','P001','A15','Vip'),('R001','P001','B1','Doi'),('R001','P001','B2','Don'),('R001','P001','B3','Doi'),('R001','P001','B4','Vip'),('R001','P001','B5','Doi'),('R001','P001','B6','Vip'),('R001','P001','B7','Doi'),('R001','P001','B8','Vip'),('R001','P001','B9','Vip'),('R001','P001','B10','Don'),('R001','P001','B11','Don'),('R001','P001','B12','Vip'),('R001','P001','B13','Vip'),('R001','P001','B14','Doi'),('R001','P001','B15','Don'),('R001','P001','C1','Vip'),('R001','P001','C2','Vip'),('R001','P001','C3','Vip'),('R001','P001','C4','Vip'),('R001','P001','C5','Vip'),('R001','P001','C6','Don'),('R001','P001','C7','Doi'),('R001','P001','C8','Doi'),('R001','P001','C9','Vip'),('R001','P001','C10','Don'),('R001','P001','C11','Doi'),('R001','P001','C12','Doi'),('R001','P001','C13','Vip'),('R001','P001','C14','Vip'),('R001','P001','C15','Vip'),('R001','P001','D1','Vip'),('R001','P001','D2','Doi'),('R001','P001','D3','Don'),('R001','P001','D4','Don'),('R001','P001','D5','Vip'),('R001','P001','D6','Vip'),
('R001','P002','A1','Vip'),('R001','P002','A2','Don'),('R001','P002','A3','Doi'),('R001','P002','A4','Vip'),('R001','P002','A5','Doi'),('R001','P002','A6','Don'),('R001','P002','A7','Don'),('R001','P002','A8','Vip'),('R001','P002','A9','Doi'),('R001','P002','A10','Don'),('R001','P002','A11','Vip'),('R001','P002','A12','Vip'),('R001','P002','A13','Don'),('R001','P002','A14','Vip'),('R001','P002','A15','Vip'),('R001','P002','B1','Doi'),('R001','P002','B2','Doi'),('R001','P002','B3','Don'),('R001','P002','B4','Doi'),('R001','P002','B5','Vip'),('R001','P002','B6','Doi'),('R001','P002','B7','Don'),('R001','P002','B8','Vip'),('R001','P002','B9','Doi'),('R001','P002','B10','Doi'),('R001','P002','B11','Vip'),('R001','P002','B12','Vip'),('R001','P002','B13','Vip'),('R001','P002','B14','Don'),('R001','P002','B15','Don'),('R001','P002','C1','Don'),('R001','P002','C2','Doi'),('R001','P002','C3','Vip'),('R001','P002','C4','Don'),('R001','P002','C5','Don'),('R001','P002','C6','Doi'),('R001','P002','C7','Don'),('R001','P002','C8','Don'),('R001','P002','C9','Doi'),('R001','P002','C10','Don'),('R001','P002','C11','Vip'),('R001','P002','C12','Doi'),('R001','P002','C13','Vip'),('R001','P002','C14','Vip'),('R001','P002','C15','Vip'),('R001','P002','D1','Don'),('R001','P002','D2','Don'),('R001','P002','D3','Doi'),('R001','P002','D4','Doi'),('R001','P002','D5','Don'),('R001','P002','D6','Don'),('R001','P002','D7','Don'),('R001','P002','D8','Doi'),('R001','P002','D9','Don'),('R001','P002','D10','Vip'),('R001','P002','D11','Don'),('R001','P002','D12','Don'),('R001','P002','D13','Vip'),('R001','P002','D14','Doi'),('R001','P002','D15','Don'),('R001','P002','E1','Vip'),('R001','P002','E2','Doi'),('R001','P002','E3','Vip'),('R001','P002','E4','Vip'),('R001','P002','E5','Doi'),('R001','P002','E6','Don'),('R001','P002','E7','Don'),('R001','P002','E8','Don'),('R001','P002','E9','Doi'),('R001','P002','E10','Don'),('R001','P002','E11','Don'),('R001','P002','E12','Doi'),
('R001','P003','A1','Vip'),('R001','P003','A2','Vip'),('R001','P003','A3','Don'),('R001','P003','A4','Don'),('R001','P003','A5','Don'),('R001','P003','A6','Don'),('R001','P003','A7','Don'),('R001','P003','A8','Doi'),('R001','P003','A9','Don'),('R001','P003','A10','Vip'),('R001','P003','A11','Doi'),('R001','P003','A12','Doi'),('R001','P003','A13','Doi'),('R001','P003','A14','Doi'),('R001','P003','A15','Don'),('R001','P003','B1','Don'),('R001','P003','B2','Doi'),('R001','P003','B3','Vip'),('R001','P003','B4','Vip'),('R001','P003','B5','Vip'),('R001','P003','B6','Vip'),('R001','P003','B7','Vip'),('R001','P003','B8','Vip'),('R001','P003','B9','Doi'),('R001','P003','B10','Don'),('R001','P003','B11','Don'),('R001','P003','B12','Don'),('R001','P003','B13','Doi'),('R001','P003','B14','Vip'),('R001','P003','B15','Doi'),('R001','P003','C1','Don'),('R001','P003','C2','Vip'),('R001','P003','C3','Don'),('R001','P003','C4','Doi'),('R001','P003','C5','Don'),('R001','P003','C6','Vip'),('R001','P003','C7','Vip'),('R001','P003','C8','Don'),('R001','P003','C9','Don'),('R001','P003','C10','Doi'),('R001','P003','C11','Doi'),('R001','P003','C12','Don'),('R001','P003','C13','Vip'),('R001','P003','C14','Don'),('R001','P003','C15','Don'),('R001','P003','D1','Don'),('R001','P003','D2','Doi'),('R001','P003','D3','Vip'),('R001','P003','D4','Vip'),('R001','P003','D5','Don'),('R001','P003','D6','Vip'),('R001','P003','D7','Don'),('R001','P003','D8','Doi'),('R001','P003','D9','Doi'),('R001','P003','D10','Don'),('R001','P003','D11','Don'),('R001','P003','D12','Don'),('R001','P003','D13','Don'),('R001','P003','D14','Doi'),('R001','P003','D15','Don'),('R001','P003','E1','Vip'),('R001','P003','E2','Don'),('R001','P003','E3','Don'),('R001','P003','E4','Doi'),('R001','P003','E5','Don'),('R001','P003','E6','Doi'),('R001','P003','E7','Vip'),('R001','P003','E8','Don'),('R001','P003','E9','Vip'),('R001','P003','E10','Vip'),('R001','P003','E11','Don'),('R001','P003','E12','Doi'),('R001','P003','E13','Doi'),
('R001','P004','A1','Vip'),('R001','P004','A2','Doi'),('R001','P004','A3','Doi'),('R001','P004','A4','Doi'),('R001','P004','A5','Doi'),('R001','P004','A6','Don'),('R001','P004','A7','Doi'),('R001','P004','A8','Don'),('R001','P004','A9','Doi'),('R001','P004','A10','Don'),('R001','P004','A11','Doi'),('R001','P004','A12','Vip'),('R001','P004','A13','Vip'),('R001','P004','A14','Doi'),('R001','P004','A15','Vip'),('R001','P004','B1','Don'),('R001','P004','B2','Doi'),('R001','P004','B3','Vip'),('R001','P004','B4','Doi'),('R001','P004','B5','Don'),('R001','P004','B6','Doi'),('R001','P004','B7','Don'),('R001','P004','B8','Don'),('R001','P004','B9','Vip'),('R001','P004','B10','Don'),('R001','P004','B11','Don'),('R001','P004','B12','Vip'),('R001','P004','B13','Doi'),('R001','P004','B14','Doi'),('R001','P004','B15','Don'),('R001','P004','C1','Doi'),('R001','P004','C2','Vip'),('R001','P004','C3','Don'),('R001','P004','C4','Don'),('R001','P004','C5','Don'),('R001','P004','C6','Doi'),('R001','P004','C7','Don'),('R001','P004','C8','Don'),('R001','P004','C9','Doi'),('R001','P004','C10','Vip'),('R001','P004','C11','Don'),('R001','P004','C12','Doi'),('R001','P004','C13','Vip'),('R001','P004','C14','Doi'),('R001','P004','C15','Don'),
('R001','P005','A1','Doi'),('R001','P005','A2','Doi'),('R001','P005','A3','Vip'),('R001','P005','A4','Vip'),('R001','P005','A5','Don'),('R001','P005','A6','Doi'),('R001','P005','A7','Don'),('R001','P005','A8','Don'),('R001','P005','A9','Don'),('R001','P005','A10','Vip'),('R001','P005','A11','Vip'),('R001','P005','A12','Don'),('R001','P005','A13','Doi'),('R001','P005','A14','Doi'),('R001','P005','A15','Vip'),('R001','P005','B1','Doi'),('R001','P005','B2','Don'),('R001','P005','B3','Vip'),('R001','P005','B4','Don'),('R001','P005','B5','Vip'),('R001','P005','B6','Don'),('R001','P005','B7','Vip'),('R001','P005','B8','Doi'),('R001','P005','B9','Doi'),('R001','P005','B10','Doi'),('R001','P005','B11','Vip'),('R001','P005','B12','Doi'),('R001','P005','B13','Vip'),('R001','P005','B14','Doi'),('R001','P005','B15','Vip'),('R001','P005','C1','Doi'),('R001','P005','C2','Don'),('R001','P005','C3','Doi'),('R001','P005','C4','Don'),('R001','P005','C5','Vip'),('R001','P005','C6','Doi'),('R001','P005','C7','Don'),('R001','P005','C8','Don'),('R001','P005','C9','Doi'),('R001','P005','C10','Doi'),('R001','P005','C11','Doi'),('R001','P005','C12','Don'),('R001','P005','C13','Don'),('R001','P005','C14','Vip'),('R001','P005','C15','Don'),('R001','P005','D1','Don'),('R001','P005','D2','Don'),('R001','P005','D3','Vip'),('R001','P005','D4','Vip'),('R001','P005','D5','Vip'),('R001','P005','D6','Don'),('R001','P005','D7','Doi'),('R001','P005','D8','Doi'),('R001','P005','D9','Vip'),('R001','P005','D10','Don'),('R001','P005','D11','Doi'),('R001','P005','D12','Don'),('R001','P005','D13','Don'),('R001','P005','D14','Don'),('R001','P005','D15','Doi'),('R001','P005','E1','Doi'),('R001','P005','E2','Vip'),
('R001','P006','A1','Don'),('R001','P006','A2','Vip'),('R001','P006','A3','Doi'),('R001','P006','A4','Doi'),('R001','P006','A5','Doi'),('R001','P006','A6','Doi'),('R001','P006','A7','Don'),('R001','P006','A8','Doi'),('R001','P006','A9','Vip'),('R001','P006','A10','Vip'),('R001','P006','A11','Doi'),('R001','P006','A12','Doi'),('R001','P006','A13','Vip'),('R001','P006','A14','Don'),('R001','P006','A15','Vip'),('R001','P006','B1','Doi'),('R001','P006','B2','Don'),('R001','P006','B3','Vip'),('R001','P006','B4','Don'),('R001','P006','B5','Doi'),('R001','P006','B6','Don'),('R001','P006','B7','Doi'),('R001','P006','B8','Don'),('R001','P006','B9','Doi'),('R001','P006','B10','Doi'),('R001','P006','B11','Don'),('R001','P006','B12','Vip'),('R001','P006','B13','Doi'),('R001','P006','B14','Don'),('R001','P006','B15','Don'),('R001','P006','C1','Doi'),('R001','P006','C2','Doi'),('R001','P006','C3','Vip'),('R001','P006','C4','Vip'),('R001','P006','C5','Vip'),('R001','P006','C6','Vip'),('R001','P006','C7','Vip'),('R001','P006','C8','Vip'),('R001','P006','C9','Vip'),('R001','P006','C10','Don'),('R001','P006','C11','Vip'),('R001','P006','C12','Vip'),('R001','P006','C13','Don'),('R001','P006','C14','Doi'),('R001','P006','C15','Don'),('R001','P006','D1','Vip'),('R001','P006','D2','Vip'),('R001','P006','D3','Vip'),('R001','P006','D4','Don'),('R001','P006','D5','Don'),('R001','P006','D6','Don'),('R001','P006','D7','Don'),('R001','P006','D8','Doi'),('R001','P006','D9','Vip'),('R001','P006','D10','Doi'),('R001','P006','D11','Don'),('R001','P006','D12','Doi'),('R001','P006','D13','Doi'),('R001','P006','D14','Doi'),('R001','P006','D15','Vip'),('R001','P006','E1','Doi'),('R001','P006','E2','Vip'),('R001','P006','E3','Doi'),('R001','P006','E4','Don'),
('R002','P001','A1','Vip'),('R002','P001','A2','Vip'),('R002','P001','A3','Don'),('R002','P001','A4','Don'),('R002','P001','A5','Doi'),('R002','P001','A6','Don'),('R002','P001','A7','Doi'),('R002','P001','A8','Don'),('R002','P001','A9','Don'),('R002','P001','A10','Vip'),('R002','P001','A11','Doi'),('R002','P001','A12','Don'),('R002','P001','A13','Vip'),('R002','P001','A14','Vip'),('R002','P001','A15','Vip'),('R002','P001','B1','Doi'),('R002','P001','B2','Vip'),('R002','P001','B3','Don'),('R002','P001','B4','Doi'),('R002','P001','B5','Don'),('R002','P001','B6','Doi'),('R002','P001','B7','Vip'),('R002','P001','B8','Don'),('R002','P001','B9','Doi'),('R002','P001','B10','Doi'),('R002','P001','B11','Vip'),('R002','P001','B12','Don'),('R002','P001','B13','Vip'),('R002','P001','B14','Vip'),('R002','P001','B15','Don'),('R002','P001','C1','Vip'),('R002','P001','C2','Don'),('R002','P001','C3','Vip'),('R002','P001','C4','Vip'),('R002','P001','C5','Doi'),('R002','P001','C6','Doi'),('R002','P001','C7','Doi'),('R002','P001','C8','Don'),('R002','P001','C9','Vip'),('R002','P001','C10','Doi'),('R002','P001','C11','Vip'),('R002','P001','C12','Don'),('R002','P001','C13','Don'),('R002','P001','C14','Vip'),('R002','P001','C15','Doi'),('R002','P001','D1','Doi'),
('R002','P002','A1','Doi'),('R002','P002','A2','Don'),('R002','P002','A3','Doi'),('R002','P002','A4','Don'),('R002','P002','A5','Doi'),('R002','P002','A6','Don'),('R002','P002','A7','Vip'),('R002','P002','A8','Doi'),('R002','P002','A9','Vip'),('R002','P002','A10','Vip'),('R002','P002','A11','Vip'),('R002','P002','A12','Doi'),('R002','P002','A13','Don'),('R002','P002','A14','Doi'),('R002','P002','A15','Doi'),('R002','P002','B1','Don'),('R002','P002','B2','Don'),('R002','P002','B3','Don'),('R002','P002','B4','Vip'),('R002','P002','B5','Vip'),('R002','P002','B6','Don'),('R002','P002','B7','Doi'),('R002','P002','B8','Don'),('R002','P002','B9','Don'),('R002','P002','B10','Vip'),('R002','P002','B11','Don'),('R002','P002','B12','Don'),('R002','P002','B13','Don'),('R002','P002','B14','Vip'),('R002','P002','B15','Doi'),('R002','P002','C1','Vip'),('R002','P002','C2','Doi'),('R002','P002','C3','Don'),('R002','P002','C4','Don'),('R002','P002','C5','Vip'),('R002','P002','C6','Doi'),('R002','P002','C7','Don'),('R002','P002','C8','Vip'),('R002','P002','C9','Vip'),('R002','P002','C10','Vip'),('R002','P002','C11','Don'),('R002','P002','C12','Doi'),('R002','P002','C13','Vip'),('R002','P002','C14','Doi'),('R002','P002','C15','Doi'),('R002','P002','D1','Vip'),('R002','P002','D2','Doi'),('R002','P002','D3','Doi'),('R002','P002','D4','Don'),('R002','P002','D5','Doi'),('R002','P002','D6','Doi'),('R002','P002','D7','Doi'),('R002','P002','D8','Doi'),
('R002','P003','A1','Vip'),('R002','P003','A2','Don'),('R002','P003','A3','Vip'),('R002','P003','A4','Vip'),('R002','P003','A5','Vip'),('R002','P003','A6','Vip'),('R002','P003','A7','Don'),('R002','P003','A8','Doi'),('R002','P003','A9','Vip'),('R002','P003','A10','Don'),('R002','P003','A11','Vip'),('R002','P003','A12','Vip'),('R002','P003','A13','Doi'),('R002','P003','A14','Don'),('R002','P003','A15','Vip'),('R002','P003','B1','Don'),('R002','P003','B2','Don'),('R002','P003','B3','Vip'),('R002','P003','B4','Don'),('R002','P003','B5','Doi'),('R002','P003','B6','Vip'),('R002','P003','B7','Vip'),('R002','P003','B8','Vip'),('R002','P003','B9','Don'),('R002','P003','B10','Don'),('R002','P003','B11','Vip'),('R002','P003','B12','Doi'),('R002','P003','B13','Doi'),('R002','P003','B14','Don'),('R002','P003','B15','Doi'),('R002','P003','C1','Doi'),('R002','P003','C2','Don'),('R002','P003','C3','Vip'),('R002','P003','C4','Doi'),('R002','P003','C5','Don'),('R002','P003','C6','Vip'),('R002','P003','C7','Don'),('R002','P003','C8','Doi'),('R002','P003','C9','Don'),('R002','P003','C10','Don'),('R002','P003','C11','Doi'),('R002','P003','C12','Vip'),('R002','P003','C13','Doi'),('R002','P003','C14','Vip'),('R002','P003','C15','Doi'),('R002','P003','D1','Doi'),('R002','P003','D2','Don'),('R002','P003','D3','Don'),('R002','P003','D4','Doi'),('R002','P003','D5','Doi'),('R002','P003','D6','Vip'),('R002','P003','D7','Don'),('R002','P003','D8','Vip'),('R002','P003','D9','Don'),('R002','P003','D10','Doi'),('R002','P003','D11','Don'),('R002','P003','D12','Doi'),('R002','P003','D13','Vip'),('R002','P003','D14','Doi'),('R002','P003','D15','Don'),('R002','P003','E1','Vip'),('R002','P003','E2','Don'),('R002','P003','E3','Don'),('R002','P003','E4','Don'),('R002','P003','E5','Vip'),
('R002','P004','A1','Doi'),('R002','P004','A2','Vip'),('R002','P004','A3','Doi'),('R002','P004','A4','Doi'),('R002','P004','A5','Vip'),('R002','P004','A6','Vip'),('R002','P004','A7','Vip'),('R002','P004','A8','Don'),('R002','P004','A9','Doi'),('R002','P004','A10','Vip'),('R002','P004','A11','Doi'),('R002','P004','A12','Don'),('R002','P004','A13','Vip'),('R002','P004','A14','Doi'),('R002','P004','A15','Vip'),('R002','P004','B1','Vip'),('R002','P004','B2','Doi'),('R002','P004','B3','Don'),('R002','P004','B4','Don'),('R002','P004','B5','Vip'),('R002','P004','B6','Vip'),('R002','P004','B7','Doi'),('R002','P004','B8','Doi'),('R002','P004','B9','Don'),('R002','P004','B10','Vip'),('R002','P004','B11','Don'),('R002','P004','B12','Don'),('R002','P004','B13','Vip'),('R002','P004','B14','Vip'),('R002','P004','B15','Vip'),('R002','P004','C1','Vip'),('R002','P004','C2','Doi'),('R002','P004','C3','Vip'),('R002','P004','C4','Doi'),('R002','P004','C5','Vip'),('R002','P004','C6','Vip'),('R002','P004','C7','Don'),('R002','P004','C8','Don'),('R002','P004','C9','Vip'),('R002','P004','C10','Vip'),('R002','P004','C11','Don'),('R002','P004','C12','Vip'),('R002','P004','C13','Doi'),('R002','P004','C14','Don'),('R002','P004','C15','Don'),('R002','P004','D1','Don'),('R002','P004','D2','Vip'),('R002','P004','D3','Vip'),('R002','P004','D4','Doi'),('R002','P004','D5','Vip'),('R002','P004','D6','Don'),('R002','P004','D7','Don'),('R002','P004','D8','Doi'),('R002','P004','D9','Doi'),('R002','P004','D10','Vip'),('R002','P004','D11','Don'),('R002','P004','D12','Doi'),('R002','P004','D13','Don'),('R002','P004','D14','Don'),('R002','P004','D15','Doi'),('R002','P004','E1','Doi'),
('R002','P005','A1','Don'),('R002','P005','A2','Don'),('R002','P005','A3','Vip'),('R002','P005','A4','Don'),('R002','P005','A5','Vip'),('R002','P005','A6','Vip'),('R002','P005','A7','Doi'),('R002','P005','A8','Vip'),('R002','P005','A9','Doi'),('R002','P005','A10','Doi'),('R002','P005','A11','Doi'),('R002','P005','A12','Don'),('R002','P005','A13','Don'),('R002','P005','A14','Vip'),('R002','P005','A15','Don'),('R002','P005','B1','Vip'),('R002','P005','B2','Vip'),('R002','P005','B3','Doi'),('R002','P005','B4','Doi'),('R002','P005','B5','Vip'),('R002','P005','B6','Vip'),('R002','P005','B7','Vip'),('R002','P005','B8','Don'),('R002','P005','B9','Don'),('R002','P005','B10','Doi'),('R002','P005','B11','Don'),('R002','P005','B12','Vip'),('R002','P005','B13','Doi'),('R002','P005','B14','Doi'),('R002','P005','B15','Doi'),('R002','P005','C1','Doi'),('R002','P005','C2','Don'),('R002','P005','C3','Don'),('R002','P005','C4','Doi'),('R002','P005','C5','Vip'),('R002','P005','C6','Vip'),('R002','P005','C7','Don'),('R002','P005','C8','Don'),('R002','P005','C9','Doi'),('R002','P005','C10','Vip'),('R002','P005','C11','Vip'),('R002','P005','C12','Doi'),('R002','P005','C13','Doi'),('R002','P005','C14','Don'),('R002','P005','C15','Don'),
('R002','P006','A1','Doi'),('R002','P006','A2','Doi'),('R002','P006','A3','Doi'),('R002','P006','A4','Doi'),('R002','P006','A5','Vip'),('R002','P006','A6','Don'),('R002','P006','A7','Doi'),('R002','P006','A8','Doi'),('R002','P006','A9','Doi'),('R002','P006','A10','Don'),('R002','P006','A11','Don'),('R002','P006','A12','Vip'),('R002','P006','A13','Doi'),('R002','P006','A14','Doi'),('R002','P006','A15','Vip'),('R002','P006','B1','Doi'),('R002','P006','B2','Vip'),('R002','P006','B3','Don'),('R002','P006','B4','Doi'),('R002','P006','B5','Vip'),('R002','P006','B6','Vip'),('R002','P006','B7','Vip'),('R002','P006','B8','Don'),('R002','P006','B9','Doi'),('R002','P006','B10','Vip'),('R002','P006','B11','Doi'),('R002','P006','B12','Don'),('R002','P006','B13','Don'),('R002','P006','B14','Doi'),('R002','P006','B15','Doi'),('R002','P006','C1','Vip'),('R002','P006','C2','Doi'),('R002','P006','C3','Doi'),('R002','P006','C4','Doi'),('R002','P006','C5','Vip'),('R002','P006','C6','Don'),('R002','P006','C7','Doi'),('R002','P006','C8','Vip'),('R002','P006','C9','Don'),('R002','P006','C10','Don'),('R002','P006','C11','Don'),('R002','P006','C12','Don'),('R002','P006','C13','Vip'),('R002','P006','C14','Don'),('R002','P006','C15','Don'),('R002','P006','D1','Don'),('R002','P006','D2','Vip'),('R002','P006','D3','Doi'),('R002','P006','D4','Vip'),('R002','P006','D5','Don'),('R002','P006','D6','Don'),('R002','P006','D7','Doi'),('R002','P006','D8','Don'),('R002','P006','D9','Vip'),('R002','P006','D10','Doi'),('R002','P006','D11','Vip'),('R002','P006','D12','Vip'),('R002','P006','D13','Don'),('R002','P006','D14','Vip'),('R002','P006','D15','Don'),('R002','P006','E1','Vip'),('R002','P006','E2','Don'),('R002','P006','E3','Doi'),('R002','P006','E4','Don'),('R002','P006','E5','Vip'),('R002','P006','E6','Doi'),('R002','P006','E7','Vip'),('R002','P006','E8','Don'),('R002','P006','E9','Don'),('R002','P006','E10','Vip'),('R002','P006','E11','Don'),('R002','P006','E12','Don'),
('R003','P001','A1','Don'),('R003','P001','A2','Vip'),('R003','P001','A3','Doi'),('R003','P001','A4','Doi'),('R003','P001','A5','Vip'),('R003','P001','A6','Don'),('R003','P001','A7','Don'),('R003','P001','A8','Doi'),('R003','P001','A9','Don'),('R003','P001','A10','Vip'),('R003','P001','A11','Don'),('R003','P001','A12','Vip'),('R003','P001','A13','Vip'),('R003','P001','A14','Don'),('R003','P001','A15','Vip'),('R003','P001','B1','Vip'),('R003','P001','B2','Vip'),('R003','P001','B3','Vip'),('R003','P001','B4','Don'),('R003','P001','B5','Don'),('R003','P001','B6','Vip'),('R003','P001','B7','Vip'),('R003','P001','B8','Vip'),('R003','P001','B9','Doi'),('R003','P001','B10','Don'),('R003','P001','B11','Don'),('R003','P001','B12','Vip'),('R003','P001','B13','Don'),('R003','P001','B14','Vip'),('R003','P001','B15','Don'),('R003','P001','C1','Don'),('R003','P001','C2','Vip'),('R003','P001','C3','Don'),('R003','P001','C4','Don'),('R003','P001','C5','Vip'),('R003','P001','C6','Don'),('R003','P001','C7','Doi'),('R003','P001','C8','Doi'),('R003','P001','C9','Doi'),('R003','P001','C10','Don'),('R003','P001','C11','Don'),('R003','P001','C12','Don'),('R003','P001','C13','Vip'),('R003','P001','C14','Vip'),('R003','P001','C15','Don'),('R003','P001','D1','Don'),('R003','P001','D2','Doi'),('R003','P001','D3','Don'),('R003','P001','D4','Vip'),('R003','P001','D5','Don'),('R003','P001','D6','Doi'),('R003','P001','D7','Doi'),('R003','P001','D8','Vip'),
('R003','P002','A1','Vip'),('R003','P002','A2','Vip'),('R003','P002','A3','Don'),('R003','P002','A4','Don'),('R003','P002','A5','Don'),('R003','P002','A6','Vip'),('R003','P002','A7','Doi'),('R003','P002','A8','Vip'),('R003','P002','A9','Doi'),('R003','P002','A10','Doi'),('R003','P002','A11','Vip'),('R003','P002','A12','Don'),('R003','P002','A13','Don'),('R003','P002','A14','Vip'),('R003','P002','A15','Don'),('R003','P002','B1','Doi'),('R003','P002','B2','Doi'),('R003','P002','B3','Vip'),('R003','P002','B4','Doi'),('R003','P002','B5','Doi'),('R003','P002','B6','Vip'),('R003','P002','B7','Don'),('R003','P002','B8','Don'),('R003','P002','B9','Vip'),('R003','P002','B10','Don'),('R003','P002','B11','Doi'),('R003','P002','B12','Don'),('R003','P002','B13','Vip'),('R003','P002','B14','Doi'),('R003','P002','B15','Vip'),('R003','P002','C1','Doi'),('R003','P002','C2','Doi'),('R003','P002','C3','Vip'),('R003','P002','C4','Don'),('R003','P002','C5','Doi'),('R003','P002','C6','Vip'),('R003','P002','C7','Vip'),('R003','P002','C8','Doi'),('R003','P002','C9','Don'),('R003','P002','C10','Doi'),('R003','P002','C11','Don'),('R003','P002','C12','Don'),('R003','P002','C13','Vip'),('R003','P002','C14','Don'),('R003','P002','C15','Vip'),('R003','P002','D1','Vip'),('R003','P002','D2','Don'),('R003','P002','D3','Doi'),('R003','P002','D4','Doi'),('R003','P002','D5','Don'),('R003','P002','D6','Don'),('R003','P002','D7','Vip'),('R003','P002','D8','Don'),('R003','P002','D9','Vip'),('R003','P002','D10','Don'),('R003','P002','D11','Don'),('R003','P002','D12','Don'),('R003','P002','D13','Don'),('R003','P002','D14','Doi'),('R003','P002','D15','Doi'),('R003','P002','E1','Don'),('R003','P002','E2','Don'),('R003','P002','E3','Doi'),('R003','P002','E4','Vip'),('R003','P002','E5','Doi'),('R003','P002','E6','Doi'),('R003','P002','E7','Doi'),('R003','P002','E8','Doi'),('R003','P002','E9','Doi'),('R003','P002','E10','Vip'),
('R003','P003','A1','Don'),('R003','P003','A2','Vip'),('R003','P003','A3','Vip'),('R003','P003','A4','Doi'),('R003','P003','A5','Don'),('R003','P003','A6','Vip'),('R003','P003','A7','Doi'),('R003','P003','A8','Vip'),('R003','P003','A9','Doi'),('R003','P003','A10','Don'),('R003','P003','A11','Vip'),('R003','P003','A12','Don'),('R003','P003','A13','Don'),('R003','P003','A14','Doi'),('R003','P003','A15','Vip'),('R003','P003','B1','Doi'),('R003','P003','B2','Vip'),('R003','P003','B3','Vip'),('R003','P003','B4','Don'),('R003','P003','B5','Doi'),('R003','P003','B6','Doi'),('R003','P003','B7','Don'),('R003','P003','B8','Doi'),('R003','P003','B9','Doi'),('R003','P003','B10','Don'),('R003','P003','B11','Don'),('R003','P003','B12','Don'),('R003','P003','B13','Vip'),('R003','P003','B14','Vip'),('R003','P003','B15','Doi'),('R003','P003','C1','Doi'),('R003','P003','C2','Doi'),('R003','P003','C3','Vip'),('R003','P003','C4','Doi'),('R003','P003','C5','Doi'),('R003','P003','C6','Vip'),('R003','P003','C7','Don'),('R003','P003','C8','Doi'),('R003','P003','C9','Don'),('R003','P003','C10','Doi'),('R003','P003','C11','Doi'),('R003','P003','C12','Vip'),('R003','P003','C13','Don'),('R003','P003','C14','Doi'),('R003','P003','C15','Don'),('R003','P003','D1','Vip'),('R003','P003','D2','Doi'),('R003','P003','D3','Doi'),
('R003','P004','A1','Doi'),('R003','P004','A2','Don'),('R003','P004','A3','Vip'),('R003','P004','A4','Doi'),('R003','P004','A5','Doi'),('R003','P004','A6','Doi'),('R003','P004','A7','Doi'),('R003','P004','A8','Doi'),('R003','P004','A9','Vip'),('R003','P004','A10','Don'),('R003','P004','A11','Don'),('R003','P004','A12','Don'),('R003','P004','A13','Don'),('R003','P004','A14','Vip'),('R003','P004','A15','Doi'),('R003','P004','B1','Don'),('R003','P004','B2','Doi'),('R003','P004','B3','Don'),('R003','P004','B4','Vip'),('R003','P004','B5','Doi'),('R003','P004','B6','Doi'),('R003','P004','B7','Don'),('R003','P004','B8','Vip'),('R003','P004','B9','Vip'),('R003','P004','B10','Doi'),('R003','P004','B11','Doi'),('R003','P004','B12','Vip'),('R003','P004','B13','Don'),('R003','P004','B14','Vip'),('R003','P004','B15','Don'),('R003','P004','C1','Doi'),('R003','P004','C2','Vip'),('R003','P004','C3','Don'),('R003','P004','C4','Vip'),('R003','P004','C5','Doi'),('R003','P004','C6','Vip'),('R003','P004','C7','Don'),('R003','P004','C8','Doi'),('R003','P004','C9','Doi'),('R003','P004','C10','Vip'),('R003','P004','C11','Don'),('R003','P004','C12','Vip'),('R003','P004','C13','Vip'),('R003','P004','C14','Don'),('R003','P004','C15','Doi'),('R003','P004','D1','Doi'),('R003','P004','D2','Don'),('R003','P004','D3','Doi'),('R003','P004','D4','Don'),('R003','P004','D5','Don'),('R003','P004','D6','Vip'),('R003','P004','D7','Doi'),('R003','P004','D8','Don'),('R003','P004','D9','Vip'),('R003','P004','D10','Vip'),('R003','P004','D11','Doi'),('R003','P004','D12','Doi'),('R003','P004','D13','Doi'),('R003','P004','D14','Doi'),('R003','P004','D15','Don'),('R003','P004','E1','Don'),('R003','P004','E2','Doi'),('R003','P004','E3','Doi'),('R003','P004','E4','Don'),('R003','P004','E5','Vip'),('R003','P004','E6','Doi'),('R003','P004','E7','Vip'),('R003','P004','E8','Vip'),('R003','P004','E9','Don'),('R003','P004','E10','Don'),('R003','P004','E11','Don'),('R003','P004','E12','Don'),('R003','P004','E13','Doi'),('R003','P004','E14','Vip'),('R003','P004','E15','Vip'),
('R003','P005','A1','Vip'),('R003','P005','A2','Doi'),('R003','P005','A3','Don'),('R003','P005','A4','Vip'),('R003','P005','A5','Vip'),('R003','P005','A6','Don'),('R003','P005','A7','Doi'),('R003','P005','A8','Vip'),('R003','P005','A9','Vip'),('R003','P005','A10','Vip'),('R003','P005','A11','Don'),('R003','P005','A12','Doi'),('R003','P005','A13','Vip'),('R003','P005','A14','Don'),('R003','P005','A15','Doi'),('R003','P005','B1','Doi'),('R003','P005','B2','Don'),('R003','P005','B3','Doi'),('R003','P005','B4','Don'),('R003','P005','B5','Doi'),('R003','P005','B6','Don'),('R003','P005','B7','Vip'),('R003','P005','B8','Don'),('R003','P005','B9','Vip'),('R003','P005','B10','Don'),('R003','P005','B11','Doi'),('R003','P005','B12','Doi'),('R003','P005','B13','Vip'),('R003','P005','B14','Don'),('R003','P005','B15','Vip'),('R003','P005','C1','Doi'),('R003','P005','C2','Vip'),('R003','P005','C3','Vip'),('R003','P005','C4','Don'),('R003','P005','C5','Doi'),('R003','P005','C6','Vip'),('R003','P005','C7','Doi'),('R003','P005','C8','Don'),('R003','P005','C9','Doi'),('R003','P005','C10','Don'),('R003','P005','C11','Vip'),('R003','P005','C12','Don'),('R003','P005','C13','Doi'),('R003','P005','C14','Vip'),('R003','P005','C15','Doi'),('R003','P005','D1','Don'),('R003','P005','D2','Doi'),('R003','P005','D3','Vip'),('R003','P005','D4','Vip'),('R003','P005','D5','Don'),('R003','P005','D6','Don'),('R003','P005','D7','Doi'),('R003','P005','D8','Doi'),('R003','P005','D9','Don'),('R003','P005','D10','Don'),('R003','P005','D11','Don'),('R003','P005','D12','Don'),('R003','P005','D13','Doi'),('R003','P005','D14','Don'),('R003','P005','D15','Doi'),('R003','P005','E1','Vip'),('R003','P005','E2','Don'),('R003','P005','E3','Don'),('R003','P005','E4','Vip'),('R003','P005','E5','Vip'),('R003','P005','E6','Doi'),('R003','P005','E7','Vip'),('R003','P005','E8','Doi'),('R003','P005','E9','Doi'),('R003','P005','E10','Vip'),('R003','P005','E11','Don'),('R003','P005','E12','Doi'),
('R004','P001','A1','Don'),('R004','P001','A2','Don'),('R004','P001','A3','Vip'),('R004','P001','A4','Don'),('R004','P001','A5','Vip'),('R004','P001','A6','Doi'),('R004','P001','A7','Doi'),('R004','P001','A8','Vip'),('R004','P001','A9','Don'),('R004','P001','A10','Vip'),('R004','P001','A11','Doi'),('R004','P001','A12','Vip'),('R004','P001','A13','Doi'),('R004','P001','A14','Doi'),('R004','P001','A15','Don'),('R004','P001','B1','Doi'),('R004','P001','B2','Doi'),('R004','P001','B3','Don'),('R004','P001','B4','Doi'),('R004','P001','B5','Doi'),('R004','P001','B6','Vip'),('R004','P001','B7','Doi'),('R004','P001','B8','Doi'),('R004','P001','B9','Don'),('R004','P001','B10','Doi'),('R004','P001','B11','Don'),('R004','P001','B12','Vip'),('R004','P001','B13','Vip'),('R004','P001','B14','Doi'),('R004','P001','B15','Don'),('R004','P001','C1','Vip'),('R004','P001','C2','Doi'),('R004','P001','C3','Vip'),('R004','P001','C4','Vip'),('R004','P001','C5','Don'),('R004','P001','C6','Vip'),('R004','P001','C7','Don'),('R004','P001','C8','Doi'),('R004','P001','C9','Don'),('R004','P001','C10','Doi'),('R004','P001','C11','Doi'),('R004','P001','C12','Doi'),('R004','P001','C13','Doi'),('R004','P001','C14','Doi'),('R004','P001','C15','Don'),('R004','P001','D1','Doi'),('R004','P001','D2','Don'),('R004','P001','D3','Vip'),('R004','P001','D4','Doi'),
('R004','P002','A1','Doi'),('R004','P002','A2','Don'),('R004','P002','A3','Doi'),('R004','P002','A4','Don'),('R004','P002','A5','Doi'),('R004','P002','A6','Doi'),('R004','P002','A7','Vip'),('R004','P002','A8','Doi'),('R004','P002','A9','Vip'),('R004','P002','A10','Doi'),('R004','P002','A11','Doi'),('R004','P002','A12','Don'),('R004','P002','A13','Don'),('R004','P002','A14','Doi'),('R004','P002','A15','Don'),('R004','P002','B1','Vip'),('R004','P002','B2','Don'),('R004','P002','B3','Vip'),('R004','P002','B4','Vip'),('R004','P002','B5','Don'),('R004','P002','B6','Don'),('R004','P002','B7','Vip'),('R004','P002','B8','Don'),('R004','P002','B9','Doi'),('R004','P002','B10','Doi'),('R004','P002','B11','Don'),('R004','P002','B12','Doi'),('R004','P002','B13','Don'),('R004','P002','B14','Don'),('R004','P002','B15','Vip'),('R004','P002','C1','Don'),('R004','P002','C2','Don'),('R004','P002','C3','Doi'),('R004','P002','C4','Don'),('R004','P002','C5','Vip'),('R004','P002','C6','Vip'),('R004','P002','C7','Doi'),('R004','P002','C8','Doi'),('R004','P002','C9','Vip'),('R004','P002','C10','Don'),('R004','P002','C11','Don'),('R004','P002','C12','Vip'),('R004','P002','C13','Don'),('R004','P002','C14','Vip'),('R004','P002','C15','Don'),('R004','P002','D1','Vip'),('R004','P002','D2','Vip'),('R004','P002','D3','Vip'),('R004','P002','D4','Vip'),('R004','P002','D5','Vip'),('R004','P002','D6','Doi'),('R004','P002','D7','Don'),('R004','P002','D8','Doi'),('R004','P002','D9','Don'),('R004','P002','D10','Doi'),('R004','P002','D11','Doi'),('R004','P002','D12','Vip'),('R004','P002','D13','Vip'),('R004','P002','D14','Vip'),('R004','P002','D15','Doi'),('R004','P002','E1','Don'),('R004','P002','E2','Don'),('R004','P002','E3','Doi'),('R004','P002','E4','Doi'),
('R004','P003','A1','Don'),('R004','P003','A2','Don'),('R004','P003','A3','Vip'),('R004','P003','A4','Vip'),('R004','P003','A5','Vip'),('R004','P003','A6','Doi'),('R004','P003','A7','Don'),('R004','P003','A8','Vip'),('R004','P003','A9','Vip'),('R004','P003','A10','Vip'),('R004','P003','A11','Don'),('R004','P003','A12','Doi'),('R004','P003','A13','Don'),('R004','P003','A14','Doi'),('R004','P003','A15','Doi'),('R004','P003','B1','Doi'),('R004','P003','B2','Vip'),('R004','P003','B3','Don'),('R004','P003','B4','Vip'),('R004','P003','B5','Doi'),('R004','P003','B6','Don'),('R004','P003','B7','Vip'),('R004','P003','B8','Doi'),('R004','P003','B9','Doi'),('R004','P003','B10','Vip'),('R004','P003','B11','Don'),('R004','P003','B12','Doi'),('R004','P003','B13','Doi'),('R004','P003','B14','Doi'),('R004','P003','B15','Don'),('R004','P003','C1','Don'),('R004','P003','C2','Don'),('R004','P003','C3','Doi'),('R004','P003','C4','Don'),('R004','P003','C5','Don'),('R004','P003','C6','Doi'),('R004','P003','C7','Don'),('R004','P003','C8','Doi'),('R004','P003','C9','Doi'),('R004','P003','C10','Don'),('R004','P003','C11','Doi'),('R004','P003','C12','Doi'),('R004','P003','C13','Doi'),('R004','P003','C14','Don'),('R004','P003','C15','Don'),('R004','P003','D1','Don'),('R004','P003','D2','Vip'),('R004','P003','D3','Vip'),
('R004','P004','A1','Vip'),('R004','P004','A2','Vip'),('R004','P004','A3','Don'),('R004','P004','A4','Don'),('R004','P004','A5','Doi'),('R004','P004','A6','Doi'),('R004','P004','A7','Vip'),('R004','P004','A8','Doi'),('R004','P004','A9','Don'),('R004','P004','A10','Vip'),('R004','P004','A11','Vip'),('R004','P004','A12','Vip'),('R004','P004','A13','Don'),('R004','P004','A14','Don'),('R004','P004','A15','Vip'),('R004','P004','B1','Doi'),('R004','P004','B2','Doi'),('R004','P004','B3','Doi'),('R004','P004','B4','Don'),('R004','P004','B5','Vip'),('R004','P004','B6','Doi'),('R004','P004','B7','Vip'),('R004','P004','B8','Doi'),('R004','P004','B9','Vip'),('R004','P004','B10','Vip'),('R004','P004','B11','Don'),('R004','P004','B12','Vip'),('R004','P004','B13','Vip'),('R004','P004','B14','Don'),('R004','P004','B15','Doi'),('R004','P004','C1','Don'),('R004','P004','C2','Vip'),('R004','P004','C3','Doi'),('R004','P004','C4','Don'),('R004','P004','C5','Doi'),('R004','P004','C6','Vip'),('R004','P004','C7','Don'),('R004','P004','C8','Don'),('R004','P004','C9','Doi'),('R004','P004','C10','Vip'),('R004','P004','C11','Doi'),('R004','P004','C12','Vip'),('R004','P004','C13','Doi'),('R004','P004','C14','Don'),('R004','P004','C15','Vip'),('R004','P004','D1','Doi'),('R004','P004','D2','Doi'),('R004','P004','D3','Doi'),('R004','P004','D4','Doi'),('R004','P004','D5','Vip'),('R004','P004','D6','Don'),('R004','P004','D7','Vip'),('R004','P004','D8','Doi'),('R004','P004','D9','Don'),('R004','P004','D10','Don'),('R004','P004','D11','Doi'),('R004','P004','D12','Don'),('R004','P004','D13','Don'),('R004','P004','D14','Doi'),
('R004','P005','A1','Doi'),('R004','P005','A2','Don'),('R004','P005','A3','Vip'),('R004','P005','A4','Don'),('R004','P005','A5','Don'),('R004','P005','A6','Doi'),('R004','P005','A7','Don'),('R004','P005','A8','Vip'),('R004','P005','A9','Doi'),('R004','P005','A10','Don'),('R004','P005','A11','Don'),('R004','P005','A12','Vip'),('R004','P005','A13','Don'),('R004','P005','A14','Don'),('R004','P005','A15','Vip'),('R004','P005','B1','Vip'),('R004','P005','B2','Don'),('R004','P005','B3','Doi'),('R004','P005','B4','Don'),('R004','P005','B5','Don'),('R004','P005','B6','Vip'),('R004','P005','B7','Doi'),('R004','P005','B8','Vip'),('R004','P005','B9','Doi'),('R004','P005','B10','Vip'),('R004','P005','B11','Doi'),('R004','P005','B12','Don'),('R004','P005','B13','Don'),('R004','P005','B14','Doi'),('R004','P005','B15','Vip'),('R004','P005','C1','Doi'),('R004','P005','C2','Don'),('R004','P005','C3','Doi'),('R004','P005','C4','Don'),('R004','P005','C5','Vip'),('R004','P005','C6','Don'),('R004','P005','C7','Doi'),('R004','P005','C8','Don'),('R004','P005','C9','Vip'),('R004','P005','C10','Doi'),('R004','P005','C11','Doi'),('R004','P005','C12','Doi'),('R004','P005','C13','Don'),('R004','P005','C14','Don'),('R004','P005','C15','Vip'),('R004','P005','D1','Doi'),('R004','P005','D2','Don'),('R004','P005','D3','Doi'),
('R004','P006','A1','Don'),('R004','P006','A2','Don'),('R004','P006','A3','Vip'),('R004','P006','A4','Don'),('R004','P006','A5','Doi'),('R004','P006','A6','Doi'),('R004','P006','A7','Doi'),('R004','P006','A8','Don'),('R004','P006','A9','Don'),('R004','P006','A10','Don'),('R004','P006','A11','Don'),('R004','P006','A12','Don'),('R004','P006','A13','Don'),('R004','P006','A14','Doi'),('R004','P006','A15','Vip'),('R004','P006','B1','Don'),('R004','P006','B2','Vip'),('R004','P006','B3','Don'),('R004','P006','B4','Doi'),('R004','P006','B5','Don'),('R004','P006','B6','Vip'),('R004','P006','B7','Doi'),('R004','P006','B8','Doi'),('R004','P006','B9','Don'),('R004','P006','B10','Vip'),('R004','P006','B11','Don'),('R004','P006','B12','Vip'),('R004','P006','B13','Don'),('R004','P006','B14','Vip'),('R004','P006','B15','Doi'),('R004','P006','C1','Doi'),('R004','P006','C2','Vip'),('R004','P006','C3','Doi'),('R004','P006','C4','Doi'),('R004','P006','C5','Don'),('R004','P006','C6','Vip'),('R004','P006','C7','Don'),('R004','P006','C8','Don'),('R004','P006','C9','Doi'),('R004','P006','C10','Vip'),('R004','P006','C11','Doi'),('R004','P006','C12','Don'),('R004','P006','C13','Vip'),('R004','P006','C14','Don'),('R004','P006','C15','Vip'),('R004','P006','D1','Vip'),('R004','P006','D2','Vip'),('R004','P006','D3','Doi'),
('R004','P007','A1','Don'),('R004','P007','A2','Doi'),('R004','P007','A3','Vip'),('R004','P007','A4','Doi'),('R004','P007','A5','Vip'),('R004','P007','A6','Vip'),('R004','P007','A7','Don'),('R004','P007','A8','Vip'),('R004','P007','A9','Doi'),('R004','P007','A10','Doi'),('R004','P007','A11','Don'),('R004','P007','A12','Don'),('R004','P007','A13','Vip'),('R004','P007','A14','Vip'),('R004','P007','A15','Doi'),('R004','P007','B1','Doi'),('R004','P007','B2','Vip'),('R004','P007','B3','Don'),('R004','P007','B4','Don'),('R004','P007','B5','Don'),('R004','P007','B6','Doi'),('R004','P007','B7','Don'),('R004','P007','B8','Vip'),('R004','P007','B9','Doi'),('R004','P007','B10','Doi'),('R004','P007','B11','Don'),('R004','P007','B12','Vip'),('R004','P007','B13','Doi'),('R004','P007','B14','Doi'),('R004','P007','B15','Don'),('R004','P007','C1','Don'),('R004','P007','C2','Vip'),('R004','P007','C3','Don'),('R004','P007','C4','Vip'),('R004','P007','C5','Doi'),('R004','P007','C6','Vip'),('R004','P007','C7','Doi'),('R004','P007','C8','Doi'),('R004','P007','C9','Doi'),('R004','P007','C10','Vip'),('R004','P007','C11','Don'),('R004','P007','C12','Don'),('R004','P007','C13','Vip'),('R004','P007','C14','Don'),('R004','P007','C15','Doi'),('R004','P007','D1','Vip'),('R004','P007','D2','Vip'),('R004','P007','D3','Doi'),('R004','P007','D4','Vip'),('R004','P007','D5','Don'),('R004','P007','D6','Vip'),('R004','P007','D7','Doi'),('R004','P007','D8','Doi'),('R004','P007','D9','Doi'),('R004','P007','D10','Don'),('R004','P007','D11','Vip'),('R004','P007','D12','Don'),('R004','P007','D13','Doi'),('R004','P007','D14','Don'),('R004','P007','D15','Vip'),('R004','P007','E1','Vip'),('R004','P007','E2','Doi'),('R004','P007','E3','Don'),('R004','P007','E4','Don'),('R004','P007','E5','Doi'),('R004','P007','E6','Don'),('R004','P007','E7','Vip'),('R004','P007','E8','Don'),('R004','P007','E9','Doi'),('R004','P007','E10','Don'),
('R005','P001','A1','Don'),('R005','P001','A2','Vip'),('R005','P001','A3','Doi'),('R005','P001','A4','Doi'),('R005','P001','A5','Don'),('R005','P001','A6','Doi'),('R005','P001','A7','Don'),('R005','P001','A8','Don'),('R005','P001','A9','Vip'),('R005','P001','A10','Vip'),('R005','P001','A11','Don'),('R005','P001','A12','Don'),('R005','P001','A13','Don'),('R005','P001','A14','Don'),('R005','P001','A15','Don'),('R005','P001','B1','Vip'),('R005','P001','B2','Doi'),('R005','P001','B3','Don'),('R005','P001','B4','Doi'),('R005','P001','B5','Don'),('R005','P001','B6','Don'),('R005','P001','B7','Doi'),('R005','P001','B8','Don'),('R005','P001','B9','Doi'),('R005','P001','B10','Vip'),('R005','P001','B11','Don'),('R005','P001','B12','Vip'),('R005','P001','B13','Doi'),('R005','P001','B14','Don'),('R005','P001','B15','Vip'),('R005','P001','C1','Doi'),('R005','P001','C2','Doi'),('R005','P001','C3','Don'),('R005','P001','C4','Don'),('R005','P001','C5','Don'),('R005','P001','C6','Don'),('R005','P001','C7','Don'),('R005','P001','C8','Don'),('R005','P001','C9','Don'),('R005','P001','C10','Doi'),('R005','P001','C11','Doi'),('R005','P001','C12','Vip'),('R005','P001','C13','Vip'),('R005','P001','C14','Don'),('R005','P001','C15','Vip'),('R005','P001','D1','Don'),('R005','P001','D2','Vip'),('R005','P001','D3','Don'),('R005','P001','D4','Vip'),('R005','P001','D5','Don'),('R005','P001','D6','Don'),('R005','P001','D7','Vip'),('R005','P001','D8','Vip'),('R005','P001','D9','Don'),('R005','P001','D10','Vip'),('R005','P001','D11','Vip'),('R005','P001','D12','Doi'),('R005','P001','D13','Don'),('R005','P001','D14','Doi'),('R005','P001','D15','Vip'),('R005','P001','E1','Vip'),('R005','P001','E2','Vip'),('R005','P001','E3','Don'),('R005','P001','E4','Doi'),('R005','P001','E5','Vip'),('R005','P001','E6','Don'),('R005','P001','E7','Doi'),('R005','P001','E8','Doi'),('R005','P001','E9','Don'),('R005','P001','E10','Vip'),
('R005','P002','A1','Don'),('R005','P002','A2','Vip'),('R005','P002','A3','Don'),('R005','P002','A4','Doi'),('R005','P002','A5','Doi'),('R005','P002','A6','Don'),('R005','P002','A7','Vip'),('R005','P002','A8','Doi'),('R005','P002','A9','Doi'),('R005','P002','A10','Don'),('R005','P002','A11','Doi'),('R005','P002','A12','Doi'),('R005','P002','A13','Vip'),('R005','P002','A14','Don'),('R005','P002','A15','Doi'),('R005','P002','B1','Vip'),('R005','P002','B2','Vip'),('R005','P002','B3','Doi'),('R005','P002','B4','Doi'),('R005','P002','B5','Don'),('R005','P002','B6','Doi'),('R005','P002','B7','Doi'),('R005','P002','B8','Don'),('R005','P002','B9','Don'),('R005','P002','B10','Vip'),('R005','P002','B11','Doi'),('R005','P002','B12','Don'),('R005','P002','B13','Don'),('R005','P002','B14','Vip'),('R005','P002','B15','Don'),('R005','P002','C1','Don'),('R005','P002','C2','Don'),('R005','P002','C3','Vip'),('R005','P002','C4','Doi'),('R005','P002','C5','Vip'),('R005','P002','C6','Doi'),('R005','P002','C7','Don'),('R005','P002','C8','Vip'),('R005','P002','C9','Vip'),('R005','P002','C10','Don'),('R005','P002','C11','Don'),('R005','P002','C12','Doi'),('R005','P002','C13','Vip'),('R005','P002','C14','Doi'),('R005','P002','C15','Doi'),('R005','P002','D1','Vip'),('R005','P002','D2','Don'),('R005','P002','D3','Don'),
('R005','P003','A1','Don'),('R005','P003','A2','Don'),('R005','P003','A3','Vip'),('R005','P003','A4','Vip'),('R005','P003','A5','Vip'),('R005','P003','A6','Doi'),('R005','P003','A7','Vip'),('R005','P003','A8','Doi'),('R005','P003','A9','Vip'),('R005','P003','A10','Vip'),('R005','P003','A11','Vip'),('R005','P003','A12','Vip'),('R005','P003','A13','Doi'),('R005','P003','A14','Doi'),('R005','P003','A15','Vip'),('R005','P003','B1','Vip'),('R005','P003','B2','Doi'),('R005','P003','B3','Vip'),('R005','P003','B4','Don'),('R005','P003','B5','Doi'),('R005','P003','B6','Vip'),('R005','P003','B7','Don'),('R005','P003','B8','Doi'),('R005','P003','B9','Don'),('R005','P003','B10','Don'),('R005','P003','B11','Doi'),('R005','P003','B12','Vip'),('R005','P003','B13','Don'),('R005','P003','B14','Don'),('R005','P003','B15','Doi'),('R005','P003','C1','Vip'),('R005','P003','C2','Doi'),('R005','P003','C3','Doi'),('R005','P003','C4','Doi'),('R005','P003','C5','Vip'),('R005','P003','C6','Vip'),('R005','P003','C7','Doi'),('R005','P003','C8','Vip'),('R005','P003','C9','Doi'),('R005','P003','C10','Vip'),('R005','P003','C11','Vip'),('R005','P003','C12','Vip'),('R005','P003','C13','Don'),('R005','P003','C14','Don'),('R005','P003','C15','Vip'),('R005','P003','D1','Don'),('R005','P003','D2','Vip'),('R005','P003','D3','Doi'),('R005','P003','D4','Don'),('R005','P003','D5','Vip'),('R005','P003','D6','Vip'),('R005','P003','D7','Vip'),('R005','P003','D8','Don'),('R005','P003','D9','Vip'),('R005','P003','D10','Vip'),('R005','P003','D11','Vip'),('R005','P003','D12','Doi'),('R005','P003','D13','Doi'),('R005','P003','D14','Don'),('R005','P003','D15','Vip'),('R005','P003','E1','Doi'),('R005','P003','E2','Vip'),('R005','P003','E3','Doi'),('R005','P003','E4','Doi'),('R005','P003','E5','Don'),('R005','P003','E6','Don'),
('R005','P004','A1','Vip'),('R005','P004','A2','Vip'),('R005','P004','A3','Vip'),('R005','P004','A4','Vip'),('R005','P004','A5','Don'),('R005','P004','A6','Vip'),('R005','P004','A7','Doi'),('R005','P004','A8','Vip'),('R005','P004','A9','Vip'),('R005','P004','A10','Doi'),('R005','P004','A11','Doi'),('R005','P004','A12','Vip'),('R005','P004','A13','Vip'),('R005','P004','A14','Vip'),('R005','P004','A15','Doi'),('R005','P004','B1','Doi'),('R005','P004','B2','Don'),('R005','P004','B3','Vip'),('R005','P004','B4','Doi'),('R005','P004','B5','Don'),('R005','P004','B6','Vip'),('R005','P004','B7','Doi'),('R005','P004','B8','Don'),('R005','P004','B9','Vip'),('R005','P004','B10','Don'),('R005','P004','B11','Don'),('R005','P004','B12','Doi'),('R005','P004','B13','Doi'),('R005','P004','B14','Doi'),('R005','P004','B15','Don'),('R005','P004','C1','Vip'),('R005','P004','C2','Vip'),('R005','P004','C3','Don'),('R005','P004','C4','Don'),('R005','P004','C5','Vip'),('R005','P004','C6','Doi'),('R005','P004','C7','Vip'),('R005','P004','C8','Vip'),('R005','P004','C9','Vip'),('R005','P004','C10','Doi'),('R005','P004','C11','Don'),('R005','P004','C12','Don'),('R005','P004','C13','Don'),('R005','P004','C14','Doi'),('R005','P004','C15','Vip'),('R005','P004','D1','Don'),('R005','P004','D2','Doi'),('R005','P004','D3','Vip'),('R005','P004','D4','Vip'),('R005','P004','D5','Don'),('R005','P004','D6','Doi'),('R005','P004','D7','Vip'),('R005','P004','D8','Doi'),('R005','P004','D9','Doi'),('R005','P004','D10','Vip'),('R005','P004','D11','Don'),('R005','P004','D12','Vip'),('R005','P004','D13','Vip'),('R005','P004','D14','Doi'),('R005','P004','D15','Don'),('R005','P004','E1','Vip'),('R005','P004','E2','Doi'),('R005','P004','E3','Vip'),('R005','P004','E4','Vip'),('R005','P004','E5','Doi'),('R005','P004','E6','Doi'),('R005','P004','E7','Vip'),('R005','P004','E8','Doi'),('R005','P004','E9','Don'),
('R005','P005','A1','Don'),('R005','P005','A2','Doi'),('R005','P005','A3','Don'),('R005','P005','A4','Vip'),('R005','P005','A5','Vip'),('R005','P005','A6','Vip'),('R005','P005','A7','Vip'),('R005','P005','A8','Doi'),('R005','P005','A9','Don'),('R005','P005','A10','Doi'),('R005','P005','A11','Don'),('R005','P005','A12','Don'),('R005','P005','A13','Vip'),('R005','P005','A14','Don'),('R005','P005','A15','Don'),('R005','P005','B1','Vip'),('R005','P005','B2','Vip'),('R005','P005','B3','Doi'),('R005','P005','B4','Don'),('R005','P005','B5','Doi'),('R005','P005','B6','Don'),('R005','P005','B7','Doi'),('R005','P005','B8','Doi'),('R005','P005','B9','Don'),('R005','P005','B10','Don'),('R005','P005','B11','Vip'),('R005','P005','B12','Vip'),('R005','P005','B13','Doi'),('R005','P005','B14','Doi'),('R005','P005','B15','Doi'),('R005','P005','C1','Vip'),('R005','P005','C2','Doi'),('R005','P005','C3','Doi'),('R005','P005','C4','Vip'),('R005','P005','C5','Doi'),('R005','P005','C6','Doi'),('R005','P005','C7','Don'),('R005','P005','C8','Doi'),('R005','P005','C9','Don'),('R005','P005','C10','Vip'),('R005','P005','C11','Vip'),('R005','P005','C12','Vip'),('R005','P005','C13','Don'),('R005','P005','C14','Vip'),('R005','P005','C15','Vip'),('R005','P005','D1','Doi'),('R005','P005','D2','Doi'),('R005','P005','D3','Don'),('R005','P005','D4','Doi'),('R005','P005','D5','Don'),('R005','P005','D6','Vip'),('R005','P005','D7','Don'),('R005','P005','D8','Don'),('R005','P005','D9','Doi'),('R005','P005','D10','Don'),('R005','P005','D11','Doi'),('R005','P005','D12','Doi'),('R005','P005','D13','Don'),('R005','P005','D14','Doi'),('R005','P005','D15','Vip'),('R005','P005','E1','Doi'),
('R005','P006','A1','Doi'),('R005','P006','A2','Vip'),('R005','P006','A3','Don'),('R005','P006','A4','Doi'),('R005','P006','A5','Vip'),('R005','P006','A6','Don'),('R005','P006','A7','Vip'),('R005','P006','A8','Don'),('R005','P006','A9','Doi'),('R005','P006','A10','Doi'),('R005','P006','A11','Vip'),('R005','P006','A12','Don'),('R005','P006','A13','Don'),('R005','P006','A14','Don'),('R005','P006','A15','Don'),('R005','P006','B1','Don'),('R005','P006','B2','Don'),('R005','P006','B3','Vip'),('R005','P006','B4','Don'),('R005','P006','B5','Don'),('R005','P006','B6','Doi'),('R005','P006','B7','Don'),('R005','P006','B8','Don'),('R005','P006','B9','Vip'),('R005','P006','B10','Vip'),('R005','P006','B11','Vip'),('R005','P006','B12','Don'),('R005','P006','B13','Doi'),('R005','P006','B14','Doi'),('R005','P006','B15','Don'),('R005','P006','C1','Don'),('R005','P006','C2','Don'),('R005','P006','C3','Doi'),('R005','P006','C4','Vip'),('R005','P006','C5','Doi'),('R005','P006','C6','Doi'),('R005','P006','C7','Vip'),('R005','P006','C8','Doi'),('R005','P006','C9','Don'),('R005','P006','C10','Vip'),('R005','P006','C11','Vip'),('R005','P006','C12','Doi'),('R005','P006','C13','Doi'),('R005','P006','C14','Vip'),('R005','P006','C15','Don'),('R005','P006','D1','Vip'),('R005','P006','D2','Vip'),('R005','P006','D3','Don'),('R005','P006','D4','Vip'),('R005','P006','D5','Vip'),('R005','P006','D6','Vip'),('R005','P006','D7','Don'),('R005','P006','D8','Vip'),('R005','P006','D9','Vip'),('R005','P006','D10','Don'),('R005','P006','D11','Don'),('R005','P006','D12','Vip'),('R005','P006','D13','Doi'),('R005','P006','D14','Vip'),('R005','P006','D15','Don'),('R005','P006','E1','Don'),('R005','P006','E2','Doi'),('R005','P006','E3','Vip'),('R005','P006','E4','Doi'),('R005','P006','E5','Doi'),('R005','P006','E6','Vip'),('R005','P006','E7','Don'),('R005','P006','E8','Vip'),('R005','P006','E9','Vip'),('R005','P006','E10','Doi'),('R005','P006','E11','Doi'),('R005','P006','E12','Don'),('R005','P006','E13','Don'),('R005','P006','E14','Don'),
('R005','P007','A1','Doi'),('R005','P007','A2','Doi'),('R005','P007','A3','Vip'),('R005','P007','A4','Don'),('R005','P007','A5','Vip'),('R005','P007','A6','Vip'),('R005','P007','A7','Vip'),('R005','P007','A8','Don'),('R005','P007','A9','Vip'),('R005','P007','A10','Doi'),('R005','P007','A11','Don'),('R005','P007','A12','Vip'),('R005','P007','A13','Don'),('R005','P007','A14','Don'),('R005','P007','A15','Don'),('R005','P007','B1','Doi'),('R005','P007','B2','Vip'),('R005','P007','B3','Don'),('R005','P007','B4','Vip'),('R005','P007','B5','Vip'),('R005','P007','B6','Vip'),('R005','P007','B7','Don'),('R005','P007','B8','Don'),('R005','P007','B9','Vip'),('R005','P007','B10','Vip'),('R005','P007','B11','Don'),('R005','P007','B12','Vip'),('R005','P007','B13','Don'),('R005','P007','B14','Don'),('R005','P007','B15','Doi'),('R005','P007','C1','Doi'),('R005','P007','C2','Vip'),('R005','P007','C3','Don'),('R005','P007','C4','Vip'),('R005','P007','C5','Doi'),('R005','P007','C6','Doi'),('R005','P007','C7','Vip'),('R005','P007','C8','Don'),('R005','P007','C9','Don'),('R005','P007','C10','Vip'),('R005','P007','C11','Don'),('R005','P007','C12','Vip'),('R005','P007','C13','Doi'),('R005','P007','C14','Vip'),('R005','P007','C15','Doi'),('R005','P007','D1','Doi'),('R005','P007','D2','Doi'),('R005','P007','D3','Doi'),('R005','P007','D4','Vip'),('R005','P007','D5','Doi'),('R005','P007','D6','Vip'),('R005','P007','D7','Don'),('R005','P007','D8','Don'),('R005','P007','D9','Doi'),('R005','P007','D10','Vip'),('R005','P007','D11','Don'),('R005','P007','D12','Don'),('R005','P007','D13','Vip');

INSERT INTO nhan_vien (ma_nv, ten, cccd, sdt, ngay_sinh, gioi_tinh, luong, chuc_vu, dia_chi, ma_nv_quan_ly, ma_rap_phim) VALUES
('QL01001', 'Do Anh Quang Lam', 431448882, '0990834152', '1982-07-15', 'Nam', 19093, 'QuanLy', '239 Nguyen Van Cu, Tan Binh', NULL, 'R001'),
('QL02001', 'Nguyen Thi Minh Diep', 481692794, '0913852885', '1978-04-15', 'Nu', 22191, 'QuanLy', '40 Nguyen Van Cu, Quan 10', NULL, 'R002'),
('QL03001', 'Vo Thi Ngoc Ha', 704300641, '0922833845', '1984-09-28', 'Nam', 24393, 'QuanLy', '186 Nguyen Van Cu, Quan 5', NULL, 'R003'),
('QL04001', 'Le Bao Hieu', 563365583, '0978827572', '1976-01-27', 'Nam', 18367, 'QuanLy', '157 Pham Van Dong, Quan 1', NULL, 'R004'),
('QL05001', 'Pham Quang Thanh Ha', 751200274, '0975995159', '1976-08-06', 'Nam', 23519, 'QuanLy', '41 Le Loi, Thu Duc', NULL, 'R005');

INSERT INTO quan_tri_vien (ma_nv) VALUES
('QL01001') , ('QL02001') , ('QL03001') , ('QL04001') , ('QL05001');

INSERT INTO nhan_vien (ma_nv, ten, cccd, sdt, ngay_sinh, gioi_tinh, luong, chuc_vu, dia_chi, ma_nv_quan_ly, ma_rap_phim) VALUES
('NV01001', 'Pham Bao Anh Lam', 551708827, '0928206316', '2000-01-19', 'Nu', 9769, 'NhanVien', '301 Tran Hung Dao, Quan 10', 'QL01001', 'R001'),
('NV01002', 'Dao Thanh Thanh Trang', 378325319, '0936378790', '1992-04-14', 'Nam', 13622, 'NhanVien', '170 Cach Mang Thang 8, Tan Binh', 'QL01001', 'R001'),
('NV01003', 'Nguyen Hong Van Trang', 668119187, '0933475297', '2001-09-22', 'Nu', 11918, 'NhanVien', '121 Tran Hung Dao, Quan 1', 'QL01001', 'R001'),
('NV01004', 'Pham Van Lam', 609845920, '0996270824', '1988-03-25', 'Nam', 14171, 'NhanVien', '141 Nguyen Trai, Quan 10', 'QL01001', 'R001'),
('NV01005', 'Pham Minh Anh Troi', 267915885, '0920607684', '1996-04-08', 'Nu', 11830, 'NhanVien', '450 Nguyen Trai, Go Vap', 'QL01001', 'R001'),
('NV01006', 'Nguyen Hong Son', 928634881, '0983132874', '1994-10-30', 'Nam', 10360, 'NhanVien', '455 Le Loi, Quan 3', 'QL01001', 'R001'),
('NV01007', 'Tran Anh Giai', 588700037, '0968658642', '1995-09-11', 'Nu', 12692, 'NhanVien', '5 Pham Van Dong, Phu Nhuan', 'QL01001', 'R001'),
('NV02001', 'Hoang Thanh Ngoc Troi', 595363627, '0960356722', '1991-07-15', 'Nam', 14913, 'NhanVien', '57 Cach Mang Thang 8, Binh Thanh', 'QL02001', 'R002'),
('NV02002', 'Do Anh Hong Ha', 988677021, '0998864547', '1987-10-07', 'Nu', 14107, 'NhanVien', '412 Pham Van Dong, Quan 1', 'QL02001', 'R002'),
('NV02003', 'Bui Bao Troi', 483125281, '0938211236', '1988-08-17', 'Nam', 8684, 'NhanVien', '336 Hai Ba Trung, Quan 3', 'QL02001', 'R002'),
('NV02004', 'Pham Thanh Linh', 180622730, '0999166005', '1992-08-06', 'Nam', 8348, 'NhanVien', '96 Nguyen Trai, Binh Thanh', 'QL02001', 'R002'),
('NV02005', 'Dao Hong Hieu', 532042248, '0950597504', '1996-05-31', 'Nam', 12967, 'NhanVien', '287 Le Loi, Phu Nhuan', 'QL02001', 'R002'),
('NV02006', 'Dang Ngoc Anh Dung', 744354396, '0980131058', '1998-05-05', 'Nu', 10594, 'NhanVien', '343 Nguyen Van Cu, Go Vap', 'QL02001', 'R002'),
('NV02007', 'Do Hong Quang Giai', 821705336, '0912695045', '2000-03-01', 'Nam', 12741, 'NhanVien', '264 Cach Mang Thang 8, Phu Nhuan', 'QL02001', 'R002'),
('NV03001', 'Le Bao Dung', 448376135, '0982618537', '1992-02-07', 'Nam', 11056, 'NhanVien', '239 Le Loi, Binh Thanh', 'QL03001', 'R003'),
('NV03002', 'Le Minh Hong Ha', 183261052, '0940456153', '2003-01-10', 'Nu', 12413, 'NhanVien', '27 Le Loi, Phu Nhuan', 'QL03001', 'R003'),
('NV03003', 'Le Thanh Truc', 879585085, '0999008767', '2001-12-26', 'Nu', 10111, 'NhanVien', '6 Tran Hung Dao, Thu Duc', 'QL03001', 'R003'),
('NV03004', 'Bui Ngoc Thi Truc', 498955819, '0954595318', '2003-05-01', 'Nu', 9738, 'NhanVien', '243 Hai Ba Trung, Quan 1', 'QL03001', 'R003'),
('NV03005', 'Hoang Ngoc Troi', 564111846, '0949386784', '1992-06-04', 'Nu', 14739, 'NhanVien', '464 Le Duan, Quan 3', 'QL03001', 'R003'),
('NV03006', 'Vo Minh Quang Lam', 605741550, '0948437694', '1994-10-19', 'Nu', 8873, 'NhanVien', '492 Tran Hung Dao, Thu Duc', 'QL03001', 'R003'),
('NV03007', 'Le Thi Ngoc Ha', 462872183, '0911455862', '1994-01-06', 'Nam', 10948, 'NhanVien', '413 Cach Mang Thang 8, Quan 5', 'QL03001', 'R003'),
('NV04001', 'Le Ngoc Trang', 989045158, '0971493588', '2000-01-08', 'Nu', 13255, 'NhanVien', '19 Hai Ba Trung, Tan Binh', 'QL04001', 'R004'),
('NV04002', 'Hoang Bao Van Diep', 808301495, '0969728440', '1992-11-03', 'Nam', 8437, 'NhanVien', '453 Cach Mang Thang 8, Phu Nhuan', 'QL04001', 'R004'),
('NV04003', 'Vo Anh Thanh Truc', 930568515, '0976724539', '2003-07-19', 'Nam', 10745, 'NhanVien', '337 Cach Mang Thang 8, Quan 10', 'QL04001', 'R004'),
('NV04004', 'Hoang Thi Diep', 150837704, '0985235821', '1988-02-04', 'Nu', 8515, 'NhanVien', '441 Pham Van Dong, Phu Nhuan', 'QL04001', 'R004'),
('NV04005', 'Tran Thanh Truc', 348091917, '0964364545', '2000-08-15', 'Nu', 13890, 'NhanVien', '212 Pham Van Dong, Phu Nhuan', 'QL04001', 'R004'),
('NV04006', 'Nguyen Ngoc Hong Hieu', 827323711, '0955497552', '1994-10-18', 'Nu', 9225, 'NhanVien', '99 Nguyen Trai, Quan 1', 'QL04001', 'R004'),
('NV04007', 'Bui Anh Truc', 623787325, '0975597606', '1986-11-15', 'Nu', 8691, 'NhanVien', '274 Tran Hung Dao, Thu Duc', 'QL04001', 'R004'),
('NV05001', 'Do Anh Khanh', 303530602, '0921166570', '1997-07-03', 'Nu', 11279, 'NhanVien', '109 Hai Ba Trung, Tan Binh', 'QL05001', 'R005'),
('NV05002', 'Le Hong Anh Son', 314757239, '0968010830', '1992-07-04', 'Nu', 8330, 'NhanVien', '216 Pham Van Dong, Quan 5', 'QL05001', 'R005'),
('NV05003', 'Dao Hong Son', 975023212, '0987855290', '1989-02-28', 'Nam', 12314, 'NhanVien', '353 Nguyen Van Cu, Tan Binh', 'QL05001', 'R005'),
('NV05004', 'Bui Hong Ngoc Son', 407872892, '0972359869', '1993-09-01', 'Nam', 9378, 'NhanVien', '135 Pham Van Dong, Quan 10', 'QL05001', 'R005'),
('NV05005', 'Vo Thanh Anh Linh', 125705205, '0931282607', '1991-12-12', 'Nam', 9142, 'NhanVien', '25 Cach Mang Thang 8, Quan 10', 'QL05001', 'R005'),
('NV05006', 'Dang Anh Linh', 226989270, '0950697975', '1985-09-28', 'Nu', 9953, 'NhanVien', '460 Cach Mang Thang 8, Quan 10', 'QL05001', 'R005'),
('NV05007', 'Le Hong Quang Giai', 505009929, '0967557354', '1993-10-05', 'Nam', 9799, 'NhanVien', '252 Le Loi, Quan 5', 'QL05001', 'R005');

INSERT INTO nhan_vien_ban_hang (ma_nv) VALUES
('NV01001'),('NV01002'),('NV01003'),('NV01004'),('NV01005'),('NV01006'),('NV01007'),
('NV02001'),('NV02002'),('NV02003'),('NV02004'),('NV02005'),('NV02006'),('NV02007'),
('NV03001'),('NV03002'),('NV03003'),('NV03004'),('NV03005'),('NV03006'),('NV03007'),
('NV04001'),('NV04002'),('NV04003'),('NV04004'),('NV04005'),('NV04006'),('NV04007'),
('NV05001'),('NV05002'),('NV05003'),('NV05004'),('NV05005'),('NV05006'),('NV05007');

INSERT INTO ca_lam_viec (ma_nv, ca_lam_viec, ngay_lam) VALUES
('NV01001', 'Ca sáng', '2025-11-01'),
('NV01002', 'Ca chiều', '2025-11-01'),
('NV01002', 'Ca tối', '2025-11-02'),
('NV01003', 'Ca tối', '2025-11-03'),
('NV01003', 'Ca chiều', '2025-11-03'),
('NV01004', 'Ca chiều', '2025-11-04'),
('NV01004', 'Ca sáng', '2025-11-04'),
('NV01005', 'Ca chiều', '2025-11-05'),
('NV01005', 'Ca tối', '2025-11-05'),
('NV01005', 'Ca sáng', '2025-11-06'),
('NV01006', 'Ca tối', '2025-11-06'),
('NV01007', 'Ca sáng', '2025-11-07'),
('NV02001', 'Ca chiều', '2025-11-07'),
('NV02001', 'Ca tối', '2025-11-08'),
('NV02002', 'Ca chiều', '2025-11-08'),
('NV02003', 'Ca chiều', '2025-11-09'),
('NV02003', 'Ca sáng', '2025-11-09'),
('NV02004', 'Ca tối', '2025-11-10'),
('NV02004', 'Ca sáng', '2025-11-10'),
('NV02005', 'Ca chiều', '2025-11-11'),
('NV02005', 'Ca tối', '2025-11-11'),
('NV02006', 'Ca sáng', '2025-11-12'),
('NV02007', 'Ca tối', '2025-11-12'),
('NV02007', 'Ca sáng', '2025-11-13'),
('NV03001', 'Ca sáng', '2025-11-13'),
('NV03001', 'Ca tối', '2025-11-14'),
('NV03002', 'Ca chiều', '2025-11-14'),
('NV03002', 'Ca sáng', '2025-11-15'),
('NV03002', 'Ca tối', '2025-11-15'),
('NV03003', 'Ca sáng', '2025-11-16'),
('NV03004', 'Ca sáng', '2025-11-16'),
('NV03004', 'Ca chiều', '2025-11-17'),
('NV03004', 'Ca tối', '2025-11-17'),
('NV03005', 'Ca sáng', '2025-11-18'),
('NV03005', 'Ca tối', '2025-11-18'),
('NV03005', 'Ca chiều', '2025-11-19'),
('NV03006', 'Ca tối', '2025-11-19'),
('NV03007', 'Ca tối', '2025-11-20'),
('NV03007', 'Ca chiều', '2025-11-20'),
('NV03007', 'Ca sáng', '2025-11-21'),
('NV04001', 'Ca sáng', '2025-11-21'),
('NV04002', 'Ca sáng', '2025-11-22'),
('NV04002', 'Ca chiều', '2025-11-22'),
('NV04002', 'Ca tối', '2025-11-23'),
('NV04003', 'Ca sáng', '2025-11-23'),
('NV04003', 'Ca chiều', '2025-11-24'),
('NV04004', 'Ca sáng', '2025-11-24'),
('NV04004', 'Ca chiều', '2025-11-25'),
('NV04005', 'Ca tối', '2025-11-25'),
('NV04006', 'Ca sáng', '2025-11-26'),
('NV04007', 'Ca tối', '2025-11-26'),
('NV04007', 'Ca chiều', '2025-11-27'),
('NV04007', 'Ca sáng', '2025-11-27'),
('NV05001', 'Ca tối', '2025-11-28'),
('NV05002', 'Ca tối', '2025-11-28'),
('NV05003', 'Ca chiều', '2025-11-29'),
('NV05003', 'Ca tối', '2025-11-29'),
('NV05003', 'Ca sáng', '2025-11-30'),
('NV05004', 'Ca sáng', '2025-11-30'),
('NV05005', 'Ca chiều', '2025-11-30'),
('NV05005', 'Ca sáng', '2025-11-29'),
('NV05006', 'Ca sáng', '2025-11-28'),
('NV05006', 'Ca chiều', '2025-11-27'),
('NV05007', 'Ca sáng', '2025-11-26');


INSERT INTO cap_do (so_diem_can, ten_cap_do) VALUES
(0, 'Dong'),
(500, 'Bac'),
(2000, 'Vang'),
(5000, 'Kim Cuong');

INSERT INTO khach_hang (ma_khach_hang, ten, sdt, gioi_tinh, email) VALUES
('KH001', 'Dao Van Thi Trang', '0922704339', 'Nu', 'dao_van_thi_trang@gmail.com'),
('KH002', 'Vo Quang Bao Giai', '0960585925', 'Nu', 'vo_quang_bao_giai@gmail.com'),
('KH003', 'Hoang Thi Diep', '0976402361', 'Nam', 'hoang_thi_diep@gmail.com'),
('KH004', 'Vo Thi Minh Son', '0974685163', 'Nam', 'vo_thi_minh_son@gmail.com'),
('KH005', 'Le Quang Bao Diep', '0943866518', 'Nam', 'le_quang_bao_diep@gmail.com'),
('KH006', 'Hoang Thanh Thanh Diep', '0958247072', 'Nu', 'hoang_thanh_thanh_diep@gmail.com'),
('KH007', 'Pham Bao Giai', '0953274946', 'Nu', 'pham_bao_giai@gmail.com'),
('KH008', 'Bui Anh Lam', '0941509360', 'Nu', 'bui_anh_lam@gmail.com'),
('KH009', 'Vo Van Thanh Lam', '0938688173', 'Nam', 'vo_van_thanh_lam@gmail.com'),
('KH010', 'Dang Anh Bao Lam', '0960369486', 'Nu', 'dang_anh_bao_lam@gmail.com'),
('KH011', 'Nguyen Bao Trang', '0943639129', 'Nam', 'nguyen_bao_trang@gmail.com'),
('KH012', 'Hoang Minh Hoa', '0971441197', 'Nam', 'hoang_minh_hoa@gmail.com'),
('KH013', 'Pham Ngoc Thanh Ha', '0910408898', 'Nam', 'pham_ngoc_thanh_ha@gmail.com'),
('KH014', 'Do Thanh Van Hieu', '0982884679', 'Nu', 'do_thanh_van_hieu@gmail.com'),
('KH015', 'Hoang Minh Van Khanh', '0991699151', 'Nam', 'hoang_minh_van_khanh@gmail.com');

INSERT INTO tai_khoan_khach_hang (ten_tai_khoan, ma_khach_hang, mat_khau, cap) VALUES
('dao_van_thi_trang', 'KH001', 'pass001', 3),
('vo_quang_bao_giai', 'KH002', 'pass002', 2),
('hoang_thi_diep', 'KH003', 'pass003', 1),
('vo_thi_minh_son', 'KH004', 'pass004', 3),
('le_quang_bao_diep', 'KH005', 'pass005', 2),
('hoang_thanh_thanh_diep', 'KH006', 'pass006', 2),
('pham_bao_giai', 'KH007', 'pass007', 1),
('bui_anh_lam', 'KH008', 'pass008', 4),
('vo_van_thanh_lam', 'KH009', 'pass009', 2),
('dang_anh_bao_lam', 'KH010', 'pass010', 3),
('nguyen_bao_trang', 'KH011', 'pass011', 4),
('hoang_minh_hoa', 'KH012', 'pass012', 1),
('pham_ngoc_thanh_ha', 'KH013', 'pass013', 1),
('do_thanh_van_hieu', 'KH014', 'pass014', 4),
('hoang_minh_van_khanh', 'KH015', 'pass015', 3);

INSERT INTO phim (ma_phim, ten_phim, thoi_luong, do_tuoi_yeu_cau, thoi_gian_cong_chieu, tom_tat_noi_dung, dao_dien) VALUES
('F001', 'Avengers: Endgame', '03:01:00', 13, '2019-04-24', 'Các siêu anh hùng tập hợp lại để đánh bại Thanos.', 'Anthony Russo'),
('F002', 'Inception', '02:28:00', 13, '2010-07-16', 'Một tên trộm chuyên xâm nhập giấc mơ để đánh cắp thông tin.', 'Christopher Nolan'),
('F003', 'Titanic', '03:15:00', 13, '1997-12-19', 'Chuyện tình lãng mạn trên con tàu Titanic.', 'James Cameron'),
('F004', 'The Dark Knight', '02:32:00', 13, '2008-07-18', 'Batman đối đầu với Joker tại Gotham.', 'Christopher Nolan'),
('F005', 'Interstellar', '02:49:00', 13, '2014-11-07', 'Nhóm phi hành gia tìm kiếm hành tinh mới để cứu nhân loại.', 'Christopher Nolan'),
('F006', 'The Godfather', '02:55:00', 16, '1972-03-24', 'Gia đình mafia Corleone và những âm mưu quyền lực.', 'Francis Ford Coppola'),
('F007', 'Avatar', '02:42:00', 13, '2009-12-18', 'Con người xâm nhập Pandora để khai thác tài nguyên.', 'James Cameron'),
('F008', 'Joker', '02:02:00', 18, '2019-10-04', 'Cuộc đời của Arthur Fleck trước khi trở thành Joker.', 'Todd Phillips'),
('F009', 'Frozen II', '01:43:00', 0, '2019-11-22', 'Elsa và Anna khám phá bí ẩn về sức mạnh của Elsa.', 'Chris Buck'),
('F010', 'Spider-Man: No Way Home', '02:28:00', 13, '2021-12-17', 'Peter Parker đối mặt với các ác nhân đa vũ trụ.', 'Jon Watts');

INSERT INTO the_loai (ma_phim, the_loai) VALUES
('F001', 'Ly ky'),('F001', 'Hoat hinh'),
('F002', 'Tinh cam'),
('F003', 'Ly ky'),('F003', 'Hanh dong'),
('F004', 'Hoat hinh'),('F004', 'Phieu luu'),
('F005', 'Hai'),('F005', 'Vien tuong'),('F005', 'Hoat hinh'),
('F006', 'Vien tuong'),('F006', 'Hoat hinh'),('F006', 'Tinh cam'),
('F007', 'Vien tuong'),('F007', 'Ly ky'),('F007', 'Hai'),
('F008', 'Hoat hinh'),('F008', 'Tinh cam'),
('F009', 'Kinh di'),('F009', 'Ly ky'),
('F010', 'Hoat hinh');

INSERT INTO dien_vien (ma_phim, dien_vien) VALUES
('F001', 'Leonardo DiCaprio'),('F001', 'Matthew McConaughey'),('F001', 'Idina Menzel'),('F001', 'Zoe Saldana'),('F001', 'Kate Winslet'),
('F002', 'Marlon Brando'),('F002', 'Matthew McConaughey'),('F002', 'Christian Bale'),('F002', 'Leonardo DiCaprio'),('F002', 'Joaquin Phoenix'),
('F003', 'Kate Winslet'),('F003', 'Matthew McConaughey'),('F003', 'Robert Downey Jr.'),('F003', 'Tom Holland'),
('F004', 'Matthew McConaughey'),('F004', 'Chris Evans'),('F004', 'Leonardo DiCaprio'),
('F005', 'Leonardo DiCaprio'),('F005', 'Joaquin Phoenix'),('F005', 'Matthew McConaughey'),('F005', 'Robert Downey Jr.'),('F005', 'Marlon Brando'),
('F006', 'Idina Menzel'),('F006', 'Kate Winslet'),('F006', 'Chris Evans'),('F006', 'Robert Downey Jr.'),('F006', 'Matthew McConaughey'),
('F007', 'Christian Bale'),('F007', 'Zoe Saldana'),('F007', 'Leonardo DiCaprio'),
('F008', 'Joaquin Phoenix'),('F008', 'Robert Downey Jr.'),('F008', 'Matthew McConaughey'),
('F009', 'Marlon Brando'),('F009', 'Robert Downey Jr.'),('F009', 'Idina Menzel'),
('F010', 'Kate Winslet'),('F010', 'Marlon Brando'),('F010', 'Idina Menzel');

INSERT INTO suat_chieu (ma_luot_chieu, thoi_gian_bat_dau, thoi_gian_ket_thuc, hinh_thuc_chieu, ngon_ngu, phu_de_hoac_long_tieng, ma_phim, ma_rap, ma_phong_chieu, ma_nhan_vien_quan_ly) VALUES
('LC001', '2019-04-24 14:00:00', '2019-04-24 16:00:00', '2D', 'Tieng Viet', 'PhuDe', 'F001', 'R002', 'P001', 'QL02001'),
('LC002', '2019-04-24 21:00:00', '2019-04-24 23:00:00', '2D', 'Tieng Anh', 'LongTieng', 'F001', 'R003', 'P002', 'QL03001'),
('LC003', '2019-04-24 10:00:00', '2019-04-24 12:00:00', '3D', 'Tieng Viet', 'PhuDe', 'F001', 'R001', 'P006', 'QL01001'),
('LC004', '2010-07-16 12:00:00', '2010-07-16 14:00:00', '3D', 'Tieng Viet', 'LongTieng', 'F002', 'R005', 'P002', 'QL05001'),
('LC005', '2010-07-16 19:00:00', '2010-07-16 21:00:00', '3D', 'Tieng Viet', 'LongTieng', 'F002', 'R003', 'P004', 'QL03001'),
('LC006', '1997-12-19 18:00:00', '1997-12-19 20:00:00', '2D', 'Tieng Anh', 'LongTieng', 'F003', 'R001', 'P004', 'QL01001'),
('LC007', '1997-12-19 17:00:00', '1997-12-19 19:00:00', '2D', 'Tieng Anh', 'PhuDe', 'F003', 'R005', 'P002', 'QL05001'),
('LC008', '1997-12-19 21:00:00', '1997-12-19 23:00:00', '2D', 'Tieng Viet', 'LongTieng', 'F003', 'R001', 'P002', 'QL01001'),
('LC009', '2008-07-18 11:00:00', '2008-07-18 13:00:00', '2D', 'Tieng Anh', 'PhuDe', 'F004', 'R002', 'P005', 'QL02001'),
('LC010', '2008-07-18 17:00:00', '2008-07-18 19:00:00', '3D', 'Tieng Viet', 'LongTieng', 'F004', 'R004', 'P005', 'QL04001'),
('LC011', '2014-11-07 12:00:00', '2014-11-07 14:00:00', '3D', 'Tieng Viet', 'PhuDe', 'F005', 'R002', 'P002', 'QL02001'),
('LC012', '2014-11-07 16:00:00', '2014-11-07 18:00:00', '3D', 'Tieng Viet', 'LongTieng', 'F005', 'R002', 'P003', 'QL02001'),
('LC013', '2014-11-07 10:00:00', '2014-11-07 12:00:00', '3D', 'Tieng Anh', 'PhuDe', 'F005', 'R003', 'P003', 'QL03001'),
('LC014', '1972-03-24 21:00:00', '1972-03-24 23:00:00', '2D', 'Tieng Anh', 'LongTieng', 'F006', 'R001', 'P006', 'QL01001'),
('LC015', '1972-03-24 16:00:00', '1972-03-24 18:00:00', '2D', 'Tieng Anh', 'LongTieng', 'F006', 'R004', 'P004', 'QL04001'),
('LC016', '1972-03-24 18:00:00', '1972-03-24 20:00:00', '2D', 'Tieng Viet', 'PhuDe', 'F006', 'R005', 'P006', 'QL05001'),
('LC017', '2009-12-18 20:00:00', '2009-12-18 22:00:00', '2D', 'Tieng Viet', 'LongTieng', 'F007', 'R001', 'P005', 'QL01001'),
('LC018', '2009-12-18 20:00:00', '2009-12-18 22:00:00', '3D', 'Tieng Viet', 'PhuDe', 'F007', 'R001', 'P002', 'QL01001'),
('LC019', '2019-10-04 19:00:00', '2019-10-04 21:00:00', '2D', 'Tieng Viet', 'PhuDe', 'F008', 'R002', 'P003', 'QL02001'),
('LC020', '2019-10-04 20:00:00', '2019-10-04 22:00:00', '3D', 'Tieng Anh', 'PhuDe', 'F008', 'R002', 'P001', 'QL02001'),
('LC021', '2019-11-22 15:00:00', '2019-11-22 17:00:00', '2D', 'Tieng Anh', 'PhuDe', 'F009', 'R001', 'P006', 'QL01001'),
('LC022', '2019-11-22 12:00:00', '2019-11-22 14:00:00', '3D', 'Tieng Viet', 'LongTieng', 'F009', 'R001', 'P006', 'QL01001'),
('LC023', '2019-11-22 18:00:00', '2019-11-22 20:00:00', '2D', 'Tieng Anh', 'PhuDe', 'F009', 'R002', 'P001', 'QL02001'),
('LC024', '2021-12-17 20:00:00', '2021-12-17 22:00:00', '3D', 'Tieng Anh', 'LongTieng', 'F010', 'R002', 'P002', 'QL02001'),
('LC025', '2021-12-17 14:00:00', '2021-12-17 16:00:00', '3D', 'Tieng Viet', 'LongTieng', 'F010', 'R001', 'P006', 'QL01001');

INSERT INTO khuyen_mai (ma_km, ten_km, loai_km, thoi_gian_bat_dau, thoi_gian_ket_thuc, gia_tri, ma_nv_quan_ly) VALUES
('KMTQ001', 'Giảm 20% toàn hệ thống', 'Khuyến mãi toàn quốc', '2025-01-01', '2026-01-15', 20, 'QL01001'),
('KMTQ002', 'Giảm 30% mừng năm mới', 'Khuyến mãi toàn quốc', '2025-02-01', '2026-02-07', 30, 'QL02001'),
('KMTQ003', 'Ưu đãi lễ lớn', 'Khuyến mãi toàn quốc', '2025-04-20', '2026-04-30', 25, 'QL03001'),
('KMTQ004',"giảm 50% ưu đãi tết",'Khuyến mãi toàn quốc','2025-01-01', '2025-01-31', 20, 'QL01001'),
('KMTQ005',"giảm 50% ưu đãi valentine",'Khuyến mãi toàn quốc','2026-02-13', '2026-02-14', 50, 'QL02001'),
('KMQD001', 'Voucher 20K đổi điểm', 'Khuyến mãi quy đổi', '2025-03-01', '2025-12-31', 20000, 'QL04001'),
('KMQD002', 'Voucher 30K đổi điểm', 'Khuyến mãi quy đổi', '2025-03-01', '2025-12-31', 30000, 'QL05001'),
('KMQD003', 'Voucher 50K đổi điểm', 'Khuyến mãi quy đổi', '2025-03-01', '2025-12-31', 50000, 'QL01001'),
('KMQD004', 'Vé miễn phí đổi điểm', 'Khuyến mãi quy đổi', '2025-03-01', '2025-12-31', 100000, 'QL02001'),
('KMQD005',"Voucher ngày tết cho khách hàng thân thiết",'Khuyến mãi quy đổi','2025-01-01', '2025-01-31', 200000, 'QL01001');



INSERT INTO khuyen_mai_toan_rap (ma_km) VALUES
('KMTQ001'), ('KMTQ002'), ('KMTQ003'),('KMTQ004'),('KMTQ005');


INSERT INTO khuyen_mai_quy_doi (ma_km) VALUES
('KMQD001'), ('KMQD002'), ('KMQD003'),('KMQD004'),('KMQD005');


INSERT INTO rap_phim_ap_dung_khuyen_mai (ma_rap_phim, ma_km) VALUES
('R001', 'KMTQ001'), ('R002', 'KMTQ001'), ('R003', 'KMTQ001'), ('R004', 'KMTQ001'), ('R005', 'KMTQ001'),
('R001', 'KMTQ002'), ('R002', 'KMTQ002'), ('R003', 'KMTQ002'), ('R004', 'KMTQ002'), ('R005', 'KMTQ002'),
('R001', 'KMTQ003'), ('R002', 'KMTQ003'), ('R003', 'KMTQ003'), ('R004', 'KMTQ003'), ('R005', 'KMTQ003');

INSERT INTO quy_doi_khuyen_mai (ma_km, ma_khach_hang, ten_tai_khoan) VALUES
('KMQD002', 'KH001', 'dao_van_thi_trang'),
('KMQD003', 'KH001', 'dao_van_thi_trang'),
('KMQD001', 'KH002', 'vo_quang_bao_giai'),
('KMQD002', 'KH002', 'vo_quang_bao_giai'),
('KMQD001', 'KH003', 'hoang_thi_diep'),
('KMQD003', 'KH004', 'vo_thi_minh_son'),
('KMQD002', 'KH005', 'le_quang_bao_diep'),
('KMQD001', 'KH006', 'hoang_thanh_thanh_diep'),
('KMQD001', 'KH007', 'pham_bao_giai'),
('KMQD003', 'KH008', 'bui_anh_lam'),
('KMQD004', 'KH008', 'bui_anh_lam'),
('KMQD002', 'KH009', 'vo_van_thanh_lam'),
('KMQD003', 'KH010', 'dang_anh_bao_lam'),
('KMQD004', 'KH011', 'nguyen_bao_trang'),
('KMQD001', 'KH012', 'hoang_minh_hoa'),
('KMQD001', 'KH013', 'pham_ngoc_thanh_ha'),
('KMQD003', 'KH014', 'do_thanh_van_hieu'),
('KMQD004', 'KH014', 'do_thanh_van_hieu'),
('KMQD003', 'KH015', 'hoang_minh_van_khanh');

INSERT INTO do_an_thuc_uong (ma_sp, ten, kich_co, gia_tien, ma_nhan_vien_phuc_vu, ma_khach_hang) VALUES
('DA0001', 'Bắp rang bơ', 2, 45000, 'NV01001', 'KH001'),
('DA0002', 'Bắp caramel', 3, 55000, 'NV01003', 'KH002'),
('DA0003', 'Coca-Cola', 2, 35000, 'NV02002', 'KH003'),
('DA0004', 'Sprite', 1, 30000, 'NV02005', 'KH004'),
('DA0005', 'Pepsi', 3, 38000, 'NV03001', 'KH005'),
('DA0006', 'Trà đào cam sả', 2, 42000, 'NV03004', 'KH006'),
('DA0007', 'Hotdog', 2, 50000, 'NV04003', 'KH007'),
('DA0008', 'Khoai tây chiên', 1, 40000, 'NV04006', 'KH008'),
('DA0009', 'Nước suối', 1, 20000, 'NV05002', 'KH009'),
('DA0010', 'Combo Bắp + Nước', 3, 75000, 'NV05007', 'KH010');

INSERT INTO hoa_don (ma_hoa_don, trang_thai_thanh_toan, thoi_gian, phuong_thuc_thanh_toan, ma_nhan_vien_phu_trach, ma_khach_hang, ma_km)VALUES
('HD0001', TRUE, '2025-01-10 14:20:00', 'Tien Mat', 'NV01001', 'KH001', 'KMTQ001'),
('HD0002', TRUE, '2025-01-11 16:45:00', 'Momo', 'NV01003', 'KH002', 'KMTQ002'),
('HD0003', TRUE, '2025-01-12 18:10:00', 'Visa', 'NV02002', 'KH003', NULL),
('HD0004', TRUE, '2025-01-12 19:40:00', 'ZaloPay', 'NV02005', 'KH004', 'KMTQ003'),
('HD0005', TRUE, '2025-01-13 13:50:00', 'Tien Mat', 'NV03001', 'KH005', NULL),
('HD0006', TRUE, '2025-01-14 11:25:00', 'Momo', 'NV03004', 'KH006', 'KMQD001'),
('HD0007', TRUE, '2025-01-14 17:35:00', 'ZaloPay', 'NV04003', 'KH007', NULL),
('HD0008', TRUE, '2025-01-15 15:55:00', 'Visa', 'NV04006', 'KH008', 'KMQD002'),
('HD0009', TRUE, '2025-01-15 20:05:00', 'Tien Mat', 'NV05002', 'KH009', NULL),
('HD0010', TRUE, '2025-01-16 21:00:00', 'Momo', 'NV05007', 'KH010', 'KMQD001');

INSERT INTO hoa_don_bao_gom_do_an_thuc_uong (ma_hoa_don, ma_do_an_thuc_uong, so_luong) VALUES
('HD0001', 'DA0001', 1),
('HD0002', 'DA0002', 1),
('HD0003', 'DA0003', 1),
('HD0004', 'DA0004', 1),
('HD0005', 'DA0005', 1),
('HD0006', 'DA0006', 1),
('HD0007', 'DA0007', 1),
('HD0008', 'DA0008', 1),
('HD0009', 'DA0009', 1),
('HD0010', 'DA0010', 1);

INSERT INTO ve (ma_ve, gia_ve, ma_rap, ma_phong, ma_ghe, ma_luot_chieu, ma_hoa_don, ma_nhan_vien_ban_ve, thoi_gian_thanh_toan, ma_khach_hang) VALUES
('VE001', 90000, 'R001', 'P001', 'A1',  'LC001', 'HD0001', 'NV01001', '2025-01-10 14:21:00', 'KH001'),
('VE002', 90000, 'R001', 'P001', 'A2',  'LC001', 'HD0001', 'NV01002', '2025-01-10 14:22:00', 'KH002'),
('VE003', 90000, 'R001', 'P002', 'A3',  'LC002', 'HD0002', 'NV01003', '2025-01-11 16:46:00', 'KH003'),
('VE004', 90000, 'R001', 'P002', 'A4',  'LC002', 'HD0002', 'NV01004', '2025-01-11 16:47:00', 'KH004'),
('VE005', 120000,'R001', 'P003', 'A5',  'LC003', 'HD0003', 'NV01005', '2025-01-12 18:11:00', 'KH005'),
('VE006', 120000,'R001', 'P003', 'A6',  'LC003', 'HD0003', 'NV01006', '2025-01-12 18:12:00', 'KH006'),
('VE007', 150000,'R002', 'P001', 'A7',  'LC004', 'HD0004', 'NV02001', '2025-01-13 13:51:00', 'KH007'),
('VE008', 150000,'R002', 'P001', 'A8',  'LC004', 'HD0004', 'NV02002', '2025-01-13 13:52:00', 'KH008'),
('VE009', 120000,'R002', 'P002', 'A9',  'LC005', 'HD0005', 'NV02003', '2025-01-14 11:26:00', 'KH009'),
('VE010', 120000,'R002', 'P002', 'A10', 'LC005', 'HD0005', 'NV02004', '2025-01-14 11:27:00', 'KH010');

INSERT INTO su_kien (ma_sk, ten_sk, quy_mo, do_tuoi_gioi_han, chi_phi, thoi_gian, noi_dung_su_kien) VALUES
('SK001', 'Hội thảo AI', 'Lớn', 18, 5000000, '2025-01-10 09:00:00', 'Hội thảo chuyên sâu về trí tuệ nhân tạo.'),
('SK002', 'Workshop Robotics', 'Vừa', 15, 3000000, '2025-01-12 10:00:00', 'Workshop lập trình robot cho sinh viên.'),
('SK003', 'Buổi hòa nhạc Jazz', 'Lớn', 12, 7000000, '2025-01-15 18:00:00', 'Buổi biểu diễn nhạc jazz acoustic.'),
('SK004', 'Triển lãm Công nghệ', 'Vừa', 10, 4000000, '2025-01-20 08:00:00', 'Triển lãm các sản phẩm công nghệ mới.'),
('SK005', 'Workshop Marketing', 'Nhỏ', 15, 2000000, '2025-01-25 14:00:00', 'Workshop kỹ năng marketing cho doanh nghiệp nhỏ.');

INSERT INTO don_vi_to_chuc (ma_so_rieng) VALUES
('TC0001'), ('TC0002'), ('TC0003'), ('TC0004'), ('TC0005'),
('1234567890'), ('2345678901'), ('3456789012'), ('4567890123'), ('5678901234');

INSERT INTO to_chuc (ma_so_rieng, ten_to_chuc, email, sdt) VALUES
('TC0001', 'Công ty Alpha', 'contact@alpha.com', '0901234501'),
('TC0002', 'Công ty Beta', 'contact@beta.com', '0901234502'),
('TC0003', 'Công ty Gamma', 'contact@gamma.com', '0901234503'),
('TC0004', 'Công ty Delta', 'contact@delta.com', '0901234504'),
('TC0005', 'Công ty Epsilon', 'contact@epsilon.com', '0901234505');

INSERT INTO ca_nhan (cccd, ten, email, sdt) VALUES
('1234567890', 'Nguyễn Văn An', 'an.nguyen@gmail.com', '0912345601'),
('2345678901', 'Trần Thị Bình', 'binh.tran@gmail.com', '0912345602'),
('3456789012', 'Lê Văn Cường', 'cuong.le@gmail.com', '0912345603'),
('4567890123', 'Phạm Thị Dung', 'dung.pham@gmail.com', '0912345604'),
('5678901234', 'Hoàng Văn Em', 'em.hoang@gmail.com', '0912345605');

INSERT INTO to_chuc_su_kien (ma_don_vi_to_chuc, ma_su_kien, ma_rap_phim, ma_phong_phim) VALUES
('TC0001', 'SK001', 'R001', 'P001'),
('TC0002', 'SK002', 'R001', 'P002'),
('1234567890', 'SK003', 'R002', 'P001'),   
('2345678901', 'SK004', 'R002', 'P002'),  
('TC0003', 'SK005', 'R003', 'P001');
